Rk,Pk,Tm,Round 1_Player,Round 1_College,Yrs,Totals_G,Totals_MP,Totals_PTS,Totals_TRB,Totals_AST,Shooting_FG%,Shooting_3P%,Shooting_FT%,Per Game_MP,Per Game_PTS,Per Game_TRB,Per Game_AST,Advanced_WS,Advanced_WS/48,Advanced_BPM,Advanced_VORP,draft_year
1,1,CHI,Derrick Rose,Memphis,15,723,22054,12573,2324,3770,.456,.316,.831,30.5,17.4,3.2,5.2,44.6,.097,1.2,18.2,2008
2,2,MIA,Michael Beasley,Kansas State,11,609,13903,7568,2861,788,.465,.349,.759,22.8,12.4,4.7,1.3,15.6,.054,-1.7,0.9,2008
3,3,MIN,O.J. Mayo,USC,8,547,16919,7574,1706,1607,.429,.373,.820,30.9,13.8,3.1,2.9,21.8,.062,-0.9,4.7,2008
4,4,SEA,Russell Westbrook,UCLA,18,1301,43026,27176,9025,10351,.438,.308,.771,33.1,20.9,6.9,8.0,112.9,.126,3.5,59.1,2008
5,5,MEM,Kevin Love,UCLA,18,989,28118,15669,9712,2240,.437,.369,.828,28.4,15.8,9.8,2.3,96.0,.164,3.2,36.7,2008
6,6,NYK,Danilo Gallinari,,14,777,22410,11607,3618,1469,.428,.381,.876,28.8,14.9,4.7,1.9,65.4,.140,1.7,20.8,2008
7,7,LAC,Eric Gordon,Indiana,18,931,28958,14167,2115,2511,.430,.373,.809,31.1,15.2,2.3,2.7,42.1,.070,-0.8,9.1,2008
8,8,MIL,Joe Alexander,West Virginia,2,67,745,282,120,44,.410,.340,.698,11.1,4.2,1.8,0.7,0.5,.030,-3.6,-0.3,2008
9,9,CHA,D.J. Augustin,Texas,14,976,22851,9259,1805,3761,.412,.381,.867,23.4,9.5,1.8,3.9,47.7,.100,-0.7,7.6,2008
10,10,NJN,Brook Lopez,Stanford,18,1180,35157,18151,7010,1712,.494,.353,.797,29.8,15.4,5.9,1.5,94.2,.129,1.2,28.3,2008
11,11,IND,Jerryd Bayless,Arizona,11,586,12486,4909,1235,1674,.411,.361,.818,21.3,8.4,2.1,2.9,18.6,.072,-1.6,1.1,2008
12,12,SAC,Jason Thompson,Rider University,8,588,14819,5210,3880,635,.496,.143,.657,25.2,8.9,6.6,1.1,23.8,.077,-2.6,-2.4,2008
13,13,POR,Brandon Rush,Kansas,9,481,10564,3250,1413,468,.426,.402,.706,22.0,6.8,2.9,1.0,11.2,.051,-1.4,1.6,2008
14,14,GSW,Anthony Randolph,LSU,6,252,3841,1789,1078,187,.453,.241,.740,15.2,7.1,4.3,0.7,5.8,.072,-1.6,0.4,2008
15,15,PHO,Robin Lopez,Stanford,16,992,20937,8326,4660,819,.537,.297,.743,21.1,8.4,4.7,0.8,49.6,.114,-1.1,4.6,2008
16,16,PHI,Marreese Speights,Florida,10,705,10640,5592,2875,461,.459,.356,.797,15.1,7.9,4.1,0.7,25.8,.116,-2.2,-0.6,2008
17,17,TOR,Roy Hibbert,Georgetown,9,662,16389,6611,4173,885,.465,.250,.755,24.8,10.0,6.3,1.3,35.9,.105,-1.1,3.5,2008
18,18,WAS,JaVale McGee,Nevada,16,909,14676,6907,4577,386,.578,.192,.604,16.1,7.6,5.0,0.4,43.7,.143,0.0,7.3,2008
19,19,CLE,J.J. Hickson,NC State,8,534,11925,5081,3639,449,.505,.000,.617,22.3,9.5,6.8,0.8,21.9,.088,-1.8,0.5,2008
20,20,CHA,Alexis Ajinça,,7,293,3905,1553,1150,143,.503,.286,.797,13.3,5.3,3.9,0.5,7.5,.093,-2.8,-0.8,2008
21,21,NJN,Ryan Anderson,California,12,649,16769,8001,3413,586,.422,.380,.854,25.8,12.3,5.3,0.9,46.7,.134,1.0,12.8,2008
22,22,ORL,Courtney Lee,Western Kentucky,12,811,21938,7765,2127,1353,.451,.388,.853,27.1,9.6,2.6,1.7,39.3,.086,-0.6,7.9,2008
23,23,UTA,Kosta Koufos,Ohio State,11,686,11271,3913,3452,359,.534,.000,.582,16.4,5.7,5.0,0.5,28.3,.120,-1.3,2.0,2008
24,24,SEA,Serge Ibaka,,14,919,25127,11028,6513,749,.513,.359,.757,27.3,12.0,7.1,0.8,73.0,.139,0.5,15.7,2008
25,25,HOU,Nicolas Batum,,18,1205,33931,11553,5656,3612,.436,.371,.831,28.2,9.6,4.7,3.0,75.6,.107,1.4,29.0,2008
26,26,SAS,George Hill,IUPUI,15,915,24501,9545,2731,2807,.457,.380,.806,26.8,10.4,3.0,3.1,71.0,.139,1.1,19.4,2008
27,27,NOH,Darrell Arthur,Kansas,9,503,8945,3282,1768,409,.444,.352,.765,17.8,6.5,3.5,0.8,12.3,.066,-2.2,-0.4,2008
28,28,MEM,Donté Greene,Syracuse,4,253,4259,1541,600,183,.406,.304,.701,16.8,6.1,2.4,0.7,1.5,.017,-2.8,-0.9,2008
29,29,DET,D.J. White,Indiana,6,138,2111,810,437,80,.507,.333,.720,15.3,5.9,3.2,0.6,3.8,.087,-2.1,0.0,2008
30,30,BOS,J.R. Giddens,New Mexico,2,38,247,73,54,13,.476,.000,.565,6.5,1.9,1.4,0.3,0.1,.027,-4.3,-0.1,2008
,,,Round 2,Round 2,,Totals,Totals,Totals,Totals,Totals,Shooting,Shooting,Shooting,Per Game,Per Game,Per Game,Per Game,Advanced,Advanced,Advanced,Advanced,2008
Rk,Pk,Tm,Player,College,Yrs,G,MP,PTS,TRB,AST,FG%,3P%,FT%,MP,PTS,TRB,AST,WS,WS/48,BPM,VORP,2008
31,31,MIN,Nikola Peković,,6,271,6744,3405,1807,199,.518,,.760,24.9,12.6,6.7,0.7,18.8,.134,-0.7,2.2,2008
32,32,SEA,Walter Sharpe,UAB,1,8,20,8,3,0,.364,.000,.000,2.5,1.0,0.4,0.0,-0.1,-.131,-10.1,0.0,2008
33,33,POR,Joey Dorsey,Memphis,4,130,1488,344,513,55,.534,.000,.375,11.4,2.6,3.9,0.4,2.9,.092,-2.7,-0.3,2008
34,34,MIN,Mario Chalmers,Kansas,9,646,17245,5743,1585,2412,.417,.351,.793,26.7,8.9,2.5,3.7,32.3,.090,-0.6,5.9,2008
35,35,LAC,DeAndre Jordan,Texas A&M,18,1123,28066,9536,10861,1056,.673,.154,.475,25.0,8.5,9.7,0.9,99.4,.170,1.1,22.2,2008
36,36,POR,Ömer Aşık,,8,471,9216,2479,3362,280,.528,.000,.551,19.6,5.3,7.1,0.6,20.9,.109,-1.9,0.1,2008
37,37,MIL,Luc Mbah a Moute,UCLA,12,689,16038,4380,2800,588,.454,.334,.659,23.3,6.4,4.1,0.9,26.0,.078,-1.5,2.0,2008
38,38,CHA,Kyle Weaver,Washington State,3,73,1379,363,158,119,.441,.353,.736,18.9,5.0,2.2,1.6,1.5,.051,-1.1,0.3,2008
39,39,CHI,Sonny Weems,Arkansas,4,183,3335,1189,402,257,.465,.283,.702,18.2,6.5,2.2,1.4,0.0,.001,-4.2,-1.8,2008
40,40,NJN,Chris Douglas-Roberts,Memphis,6,222,4381,1571,472,254,.439,.329,.831,19.7,7.1,2.1,1.1,5.4,.059,-2.2,-0.2,2008
41,41,IND,Nathan Jawai,,2,45,431,126,106,24,.435,.000,.684,9.6,2.8,2.4,0.5,0.2,.020,-4.4,-0.3,2008
42,42,SAC,Sean Singletary,Virginia,1,37,303,90,35,29,.365,.400,.857,8.2,2.4,0.9,0.8,0.0,.006,-5.1,-0.2,2008
43,43,SAC,Patrick Ewing,Georgetown,1,7,19,3,2,2,.000,.000,.750,2.7,0.4,0.3,0.3,-0.1,-.158,-9.1,0.0,2008
44,44,UTA,Ante Tomić,,,,,,,,,,,,,,,,,,,2008
45,45,SAS,Goran Dragić,,15,946,25603,12568,2816,4405,.459,.362,.766,27.1,13.3,3.0,4.7,56.7,.106,0.5,15.9,2008
46,46,SEA,Trent Plaisted,BYU,,,,,,,,,,,,,,,,,,2008
47,47,WAS,Henry Walker,Kansas State,5,181,3016,1079,401,153,.446,.369,.760,16.7,6.0,2.2,0.8,5.0,.079,-1.8,0.2,2008
48,48,PHO,Malik Hairston,Oregon,2,62,472,149,77,29,.512,.167,.514,7.6,2.4,1.2,0.5,0.8,.086,-2.0,0.0,2008
49,49,GSW,Richard Hendrix,Alabama,,,,,,,,,,,,,,,,,,2008
50,50,SEA,DeVon Hardin,California,,,,,,,,,,,,,,,,,,2008
51,51,DAL,Shan Foster,Vanderbilt,,,,,,,,,,,,,,,,,,2008
52,52,MIA,Darnell Jackson,Kansas,3,138,1039,308,203,26,.449,.235,.644,7.5,2.2,1.5,0.2,1.3,.059,-5.2,-0.8,2008
53,53,UTA,Tadija Dragićević,,,,,,,,,,,,,,,,,,,2008
54,54,HOU,Maarty Leunen,Oregon,,,,,,,,,,,,,,,,,,2008
55,55,POR,Mike Taylor,Iowa State,1,51,771,289,87,106,.412,.325,.691,15.1,5.7,1.7,2.1,-0.4,-.028,-5.2,-0.6,2008
56,56,SEA,Sasha Kaun,Kansas,1,25,95,23,26,3,.529,,.455,3.8,0.9,1.0,0.1,0.2,.096,-2.8,0.0,2008
57,57,SAS,James Gist,Maryland,,,,,,,,,,,,,,,,,,2008
58,58,LAL,Joe Crawford,Kentucky,1,2,23,9,4,1,.300,.250,1.000,11.5,4.5,2.0,0.5,0.0,.037,-2.7,0.0,2008
59,59,DET,Deron Washington,Virginia Tech,,,,,,,,,,,,,,,,,,2008
60,60,BOS,Semih Erden,,2,69,928,262,190,29,.546,,.594,13.4,3.8,2.8,0.4,1.8,.094,-3.6,-0.4,2008
1,1,LAC,Blake Griffin,Oklahoma,13,765,24384,14513,6109,3055,.493,.328,.696,31.9,19.0,8.0,4.0,81.1,.160,3.3,32.8,2009
2,2,MEM,Hasheem Thabeet,UConn,5,224,2357,483,595,27,.567,,.578,10.5,2.2,2.7,0.1,4.8,.099,-2.7,-0.4,2009
3,3,OKC,James Harden,Arizona State,17,1221,42450,29339,6809,8873,.439,.364,.863,34.8,24.0,5.6,7.3,182.4,.206,6.2,87.9,2009
4,4,SAC,Tyreke Evans,Memphis,10,594,18242,9347,2720,2852,.440,.323,.757,30.7,15.7,4.6,4.8,28.4,.075,0.8,13.1,2009
5,5,MIN,Ricky Rubio,,12,698,20694,7570,2830,5160,.388,.324,.843,29.6,10.8,4.1,7.4,42.3,.098,0.5,13.3,2009
6,6,MIN,Jonny Flynn,Syracuse,3,163,3738,1504,307,634,.400,.338,.809,22.9,9.2,1.9,3.9,-1.1,-.015,-4.0,-1.9,2009
7,7,GSW,Stephen Curry,Davidson,17,1069,36304,26528,4973,6743,.471,.422,.912,34.0,24.8,4.7,6.3,147.1,.195,6.4,77.2,2009
8,8,NYK,Jordan Hill,Arizona,8,409,7692,3232,2389,322,.497,.136,.699,18.8,7.9,5.8,0.8,16.4,.102,-2.0,0.0,2009
9,9,TOR,DeMar DeRozan,USC,17,1264,43634,26711,5434,5185,.471,.302,.843,34.5,21.1,4.3,4.1,114.1,.126,0.8,30.6,2009
10,10,MIL,Brandon Jennings,,9,555,16844,7801,1659,3151,.387,.345,.796,30.3,14.1,3.0,5.7,29.9,.085,0.8,11.8,2009
11,11,NJN,Terrence Williams,Louisville,4,153,2922,1085,545,364,.412,.317,.659,19.1,7.1,3.6,2.4,-0.2,-.004,-2.8,-0.6,2009
12,12,CHA,Gerald Henderson,Duke,8,535,13854,5987,1716,1009,.440,.327,.793,25.9,11.2,3.2,1.9,18.3,.063,-1.8,0.6,2009
13,13,IND,Tyler Hansbrough,UNC,7,428,7233,2881,1808,181,.439,.136,.738,16.9,6.7,4.2,0.4,20.2,.134,-2.0,0.0,2009
14,14,PHO,Earl Clark,Louisville,6,261,3630,1138,778,134,.403,.328,.664,13.9,4.4,3.0,0.5,2.9,.038,-2.8,-0.8,2009
15,15,DET,Austin Daye,Gonzaga,6,293,4132,1522,764,212,.402,.351,.778,14.1,5.2,2.6,0.7,4.5,.053,-2.0,0.0,2009
16,16,CHI,James Johnson,Wake Forest,16,786,15561,5830,2716,1610,.473,.300,.678,19.8,7.4,3.5,2.0,27.4,.084,0.4,9.3,2009
17,17,PHI,Jrue Holiday,UCLA,17,1090,35720,17287,4585,6762,.461,.370,.790,32.8,15.9,4.2,6.2,78.1,.105,1.6,32.7,2009
18,18,MIN,Ty Lawson,UNC,8,551,16088,6977,1506,3316,.460,.359,.770,29.2,12.7,2.7,6.0,42.1,.126,1.4,13.6,2009
19,19,ATL,Jeff Teague,Wake Forest,12,826,22164,10061,1989,4585,.444,.360,.844,26.8,12.2,2.4,5.6,52.4,.113,0.6,14.3,2009
20,20,UTA,Eric Maynor,VCU,5,267,3896,1141,348,760,.392,.350,.721,14.6,4.3,1.3,2.8,3.3,.041,-2.9,-0.8,2009
21,21,NOH,Darren Collison,UCLA,11,711,20833,8861,1889,3545,.471,.394,.853,29.3,12.5,2.7,5.0,49.9,.115,0.5,13.4,2009
22,22,POR,Victor Claver,,3,80,1072,258,178,56,.398,.293,.585,13.4,3.2,2.2,0.7,0.2,.011,-3.6,-0.4,2009
23,23,SAC,Omri Casspi,,10,588,11959,4642,2355,662,.454,.368,.678,20.3,7.9,4.0,1.1,19.6,.078,-0.8,3.5,2009
24,24,DAL,Byron Mullens,Ohio State,5,189,3446,1398,790,153,.408,.319,.706,18.2,7.4,4.2,0.8,0.6,.008,-4.0,-1.8,2009
25,25,OKC,Rodrigue Beaubois,,4,182,2896,1286,338,374,.439,.325,.810,15.9,7.1,1.9,2.1,4.8,.079,-0.1,1.4,2009
26,26,CHI,Taj Gibson,USC,17,1012,23166,8431,5754,952,.517,.272,.713,22.9,8.3,5.7,0.9,60.5,.125,-0.9,6.5,2009
27,27,MEM,DeMarre Carroll,Missouri,11,578,13675,5150,2454,726,.430,.358,.741,23.7,8.9,4.2,1.3,29.5,.104,0.0,6.7,2009
28,28,MIN,Wayne Ellington,UNC,13,770,16100,6190,1643,852,.410,.382,.843,20.9,8.0,2.1,1.1,21.1,.063,-1.5,2.2,2009
29,29,LAL,Toney Douglas,Florida State,8,394,7511,3009,875,889,.404,.354,.824,19.1,7.6,2.2,2.3,12.1,.077,-0.8,2.2,2009
30,30,CLE,Christian Eyenga,,2,51,1049,320,137,40,.411,.277,.611,20.6,6.3,2.7,0.8,-0.4,-.020,-4.2,-0.6,2009
,,,Round 2,Round 2,,Totals,Totals,Totals,Totals,Totals,Shooting,Shooting,Shooting,Per Game,Per Game,Per Game,Per Game,Advanced,Advanced,Advanced,Advanced,2009
Rk,Pk,Tm,Player,College,Yrs,G,MP,PTS,TRB,AST,FG%,3P%,FT%,MP,PTS,TRB,AST,WS,WS/48,BPM,VORP,2009
31,31,SAC,Jeff Ayres,Arizona State,6,237,2322,690,632,99,.553,.400,.776,9.8,2.9,2.7,0.4,6.3,.131,-2.3,-0.2,2009
32,32,WAS,Jermaine Taylor,Central Florida,2,65,786,351,108,48,.441,.284,.730,12.1,5.4,1.7,0.7,0.2,.014,-3.7,-0.3,2009
33,33,POR,Dante Cunningham,Villanova,10,715,14875,4133,2676,506,.469,.345,.649,20.8,5.8,3.7,0.7,24.9,.080,-1.7,1.1,2009
34,34,DEN,Sergio Llull,,,,,,,,,,,,,,,,,,,2009
35,35,DET,DaJuan Summers,Georgetown,4,83,820,278,82,29,.384,.367,.642,9.9,3.3,1.0,0.3,-0.1,-.008,-5.8,-0.8,2009
36,36,MEM,Sam Young,Pitt,4,249,3966,1436,573,180,.442,.280,.742,15.9,5.8,2.3,0.7,5.2,.063,-2.1,-0.1,2009
37,37,SAS,DeJuan Blair,Pitt,7,424,7054,2865,2153,349,.524,.000,.608,16.6,6.8,5.1,0.8,19.0,.129,-1.2,1.4,2009
38,38,POR,Jon Brockman,Washington,3,150,1570,320,472,49,.488,.000,.618,10.5,2.1,3.1,0.3,3.7,.113,-3.9,-0.8,2009
39,39,DET,Jonas Jerebko,,9,635,11323,3919,2522,525,.457,.363,.770,17.8,6.2,4.0,0.8,25.8,.109,-1.0,2.9,2009
40,40,CHA,Derrick Brown,Xavier,3,171,2554,895,413,119,.515,.317,.637,14.9,5.2,2.4,0.7,4.5,.085,-1.3,0.4,2009
41,41,MIL,Jodie Meeks,Kentucky,10,539,12110,4988,1120,583,.420,.373,.879,22.5,9.3,2.1,1.1,24.3,.096,-0.6,4.2,2009
42,42,LAL,Patrick Beverley,Arkansas,12,666,17689,5520,2729,2245,.413,.371,.760,26.6,8.3,4.1,3.4,40.2,.109,0.7,12.1,2009
43,43,MIA,Marcus Thornton,LSU,8,483,11299,5750,1348,677,.425,.358,.830,23.4,11.9,2.8,1.4,20.0,.085,0.2,6.2,2009
44,44,DET,Chase Budinger,Arizona,7,407,7998,3198,1240,473,.430,.352,.797,19.7,7.9,3.0,1.2,13.9,.083,-0.5,2.9,2009
45,45,MIN,Nick Calathes,Florida,2,129,2011,590,243,353,.441,.288,.581,15.6,4.6,1.9,2.7,2.6,.063,-0.5,0.8,2009
46,46,CLE,Danny Green,UNC,15,832,20899,7204,2827,1277,.421,.400,.805,25.1,8.7,3.4,1.5,49.3,.113,1.8,20.2,2009
47,47,MIN,Henk Norel,,,,,,,,,,,,,,,,,,,2009
48,48,PHO,Taylor Griffin,Oklahoma,1,8,32,10,2,1,.400,.000,.500,4.0,1.3,0.3,0.1,0.0,-.039,-8.1,-0.1,2009
49,49,ATL,Sergiy Gladyr,,,,,,,,,,,,,,,,,,,2009
50,50,UTA,Goran Suton,Michigan State,,,,,,,,,,,,,,,,,,2009
51,51,SAS,Jack McClinton,Miami (FL),,,,,,,,,,,,,,,,,,2009
52,52,IND,A.J. Price,UConn,6,261,3929,1523,377,567,.380,.316,.742,15.1,5.8,1.4,2.2,4.7,.058,-1.3,0.7,2009
53,53,SAS,Nando De Colo,,2,119,1414,453,211,203,.429,.363,.835,11.9,3.8,1.8,1.7,2.4,.081,-0.7,0.5,2009
54,54,CHA,Robert Vaden,UAB,,,,,,,,,,,,,,,,,,2009
55,55,POR,Patty Mills,Saint Mary's,16,921,18316,8004,1491,2010,.423,.385,.857,19.9,8.7,1.6,2.2,35.9,.094,-0.2,8.5,2009
56,56,DAL,Ahmad Nivins,Saint Joseph's,,,,,,,,,,,,,,,,,,2009
57,57,PHO,Emir Preldžić,,,,,,,,,,,,,,,,,,,2009
58,58,BOS,Lester Hudson,University of Tennessee at Martin,4,57,594,268,77,71,.375,.277,.806,10.4,4.7,1.4,1.2,0.2,.016,-2.1,0.0,2009
59,59,LAL,Chinemelu Elonu,Texas A&M,,,,,,,,,,,,,,,,,,2009
60,60,MIA,Robert Dozier,Memphis,,,,,,,,,,,,,,,,,,2009
1,1,WAS,John Wall,Kentucky,11,647,22588,12088,2704,5735,.430,.322,.776,34.9,18.7,4.2,8.9,44.5,.094,2.2,24.1,2010
2,2,PHI,Evan Turner,Ohio State,10,705,18938,6824,3278,2462,.434,.294,.782,26.9,9.7,4.6,3.5,20.2,.051,-1.9,0.5,2010
3,3,NJN,Derrick Favors,Georgia Tech,12,790,19202,8354,5608,851,.534,.198,.663,24.3,10.6,7.1,1.1,60.2,.150,0.9,14.0,2010
4,4,MIN,Wesley Johnson,Syracuse,9,609,13472,4235,1924,645,.404,.337,.741,22.1,7.0,3.2,1.1,10.7,.038,-1.6,1.2,2010
5,5,SAC,DeMarcus Cousins,Kentucky,11,654,19508,12802,6664,1979,.460,.331,.737,29.8,19.6,10.2,3.0,46.8,.115,2.4,21.6,2010
6,6,GSW,Ekpe Udoh,Baylor,7,384,5694,1353,1100,260,.453,.000,.718,14.8,3.5,2.9,0.7,10.4,.088,-1.4,0.8,2010
7,7,DET,Greg Monroe,Georgetown,10,646,17670,8402,5293,1376,.514,.059,.703,27.4,13.0,8.2,2.1,50.4,.137,1.4,15.3,2010
8,8,LAC,Al-Farouq Aminu,Wake Forest,11,711,17698,5350,4280,879,.420,.332,.746,24.9,7.5,6.0,1.2,27.6,.075,-0.6,6.5,2010
9,9,UTA,Gordon Hayward,Butler,14,835,25654,12687,3698,2940,.455,.370,.822,30.7,15.2,4.4,3.5,63.5,.119,1.6,23.0,2010
10,10,IND,Paul George,Fresno State,16,945,31651,19338,5880,3502,.440,.384,.852,33.5,20.5,6.2,3.7,92.0,.140,3.7,45.2,2010
11,11,NOH,Cole Aldrich,Kansas,8,339,3389,1050,1131,183,.527,,.738,10.0,3.1,3.3,0.5,9.6,.135,0.1,1.8,2010
12,12,MEM,Xavier Henry,Kansas,5,185,2905,1050,351,120,.406,.325,.635,15.7,5.7,1.9,0.6,0.8,.013,-4.4,-1.7,2010
13,13,TOR,Ed Davis,UNC,12,722,13756,4291,4616,539,.567,.000,.583,19.1,5.9,6.4,0.7,43.3,.151,-0.2,6.2,2010
14,14,HOU,Patrick Patterson,Kentucky,11,719,14923,4782,2799,736,.447,.369,.755,20.8,6.7,3.9,1.0,31.9,.102,0.0,7.4,2010
15,15,MIL,Larry Sanders,VCU,6,238,4635,1520,1345,174,.480,.000,.553,19.5,6.4,5.7,0.7,10.3,.107,-1.1,1.1,2010
16,16,MIN,Luke Babbitt,Nevada,8,381,5332,1818,846,224,.408,.402,.747,14.0,4.8,2.2,0.6,7.2,.065,-2.1,-0.1,2010
17,17,CHI,Kevin Séraphin,,7,423,6430,2516,1462,246,.489,.000,.715,15.2,5.9,3.5,0.6,5.9,.044,-4.3,-3.6,2010
18,18,OKC,Eric Bledsoe,Kentucky,12,756,21021,10348,2937,3545,.452,.336,.784,27.8,13.7,3.9,4.7,46.1,.105,1.6,18.8,2010
19,19,BOS,Avery Bradley,Texas,12,660,18151,7279,1863,1105,.434,.365,.783,27.5,11.0,2.8,1.7,17.2,.045,-2.4,-1.8,2010
20,20,SAS,James Anderson,Oklahoma State,5,247,4320,1422,560,291,.411,.321,.755,17.5,5.8,2.3,1.2,3.3,.037,-2.7,-0.8,2010
21,21,OKC,Craig Brackins,Iowa State,2,17,121,30,19,9,.265,.214,.500,7.1,1.8,1.1,0.5,-0.2,-.089,-9.9,-0.2,2010
22,22,POR,Elliot Williams,Memphis,4,109,1470,537,161,94,.421,.310,.669,13.5,4.9,1.5,0.9,0.7,.024,-4.9,-1.1,2010
23,23,MIN,Trevor Booker,Clemson,8,532,10872,3679,2932,565,.515,.305,.636,20.4,6.9,5.5,1.1,26.2,.116,-0.5,4.2,2010
24,24,ATL,Damion James,Texas,4,39,623,150,131,26,.415,.000,.667,16.0,3.8,3.4,0.7,0.0,-.001,-3.7,-0.3,2010
25,25,MEM,Dominique Jones,South Florida,3,80,741,246,114,144,.366,.095,.729,9.3,3.1,1.4,1.8,0.3,.017,-2.4,-0.1,2010
26,26,OKC,Quincy Pondexter,Washington,7,355,5530,1609,640,263,.423,.356,.746,15.6,4.5,1.8,0.7,9.7,.084,-1.8,0.3,2010
27,27,NJN,Jordan Crawford,Xavier,6,281,6843,3432,703,883,.411,.317,.826,24.4,12.2,2.5,3.1,6.3,.044,-1.3,1.3,2010
28,28,MEM,Greivis Vásquez,Maryland,7,401,9520,3591,1021,1935,.418,.349,.817,23.7,9.0,2.5,4.8,12.6,.064,-1.2,1.8,2010
29,29,ORL,Daniel Orton,Kentucky,3,51,542,143,126,24,.485,.000,.597,10.6,2.8,2.5,0.5,1.0,.093,-3.5,-0.2,2010
30,30,WAS,Lazar Hayward,Marquette,3,72,591,207,90,35,.347,.269,.767,8.2,2.9,1.3,0.5,0.2,.020,-4.2,-0.3,2010
,,,Round 2,Round 2,,Totals,Totals,Totals,Totals,Totals,Shooting,Shooting,Shooting,Per Game,Per Game,Per Game,Per Game,Advanced,Advanced,Advanced,Advanced,2010
Rk,Pk,Tm,Player,College,Yrs,G,MP,PTS,TRB,AST,FG%,3P%,FT%,MP,PTS,TRB,AST,WS,WS/48,BPM,VORP,2010
31,31,NJN,Tibor Pleiß,,1,12,82,24,15,2,.440,.000,1.000,6.8,2.0,1.3,0.2,-0.1,-.041,-11.6,-0.2,2010
32,32,MIA,Dexter Pittman,Texas,4,50,347,116,89,9,.450,,.545,6.9,2.3,1.8,0.2,0.5,.068,-7.7,-0.5,2010
33,33,SAC,Hassan Whiteside,Marshall,10,511,12645,6450,5523,327,.586,.308,.605,24.7,12.6,10.8,0.6,52.0,.197,2.5,14.5,2010
34,34,POR,Armon Johnson,Nevada,2,47,401,157,49,56,.458,.400,.679,8.5,3.3,1.0,1.2,-0.1,-.015,-4.1,-0.2,2010
35,35,WAS,Nemanja Bjelica,,7,449,9173,3412,2051,826,.466,.384,.759,20.4,7.6,4.6,1.8,20.0,.104,0.3,5.4,2010
36,36,DET,Terrico White,Ole Miss,,,,,,,,,,,,,,,,,,2010
37,37,MIL,Darington Hobson,New Mexico,1,5,39,4,3,6,.154,.000,,7.8,0.8,0.6,1.2,-0.2,-.225,-13.0,-0.1,2010
38,38,NYK,Andy Rautins,Syracuse,1,5,24,8,1,3,.429,.250,.500,4.8,1.6,0.2,0.6,-0.2,-.314,-13.2,-0.1,2010
39,39,NYK,Landry Fields,Stanford,5,255,6010,1731,1092,419,.473,.332,.666,23.6,6.8,4.3,1.6,10.5,.084,-0.3,2.6,2010
40,40,IND,Lance Stephenson,Cincinnati,10,554,12680,4738,2251,1621,.445,.314,.694,22.9,8.6,4.1,2.9,17.5,.066,-1.3,2.3,2010
41,41,MIA,Jarvis Varnado,Mississippi State,2,37,397,107,72,16,.582,,.518,10.7,2.9,1.9,0.4,0.7,.089,-3.3,-0.1,2010
42,42,MIA,Da'Sean Butler,West Virginia,,,,,,,,,,,,,,,,,,2010
43,43,LAL,Devin Ebanks,West Virginia,3,63,711,224,122,24,.385,.222,.722,11.3,3.6,1.9,0.4,0.5,.035,-4.8,-0.5,2010
44,44,MIL,Jerome Jordan,Tulsa,2,65,491,180,132,17,.528,,.852,7.6,2.8,2.0,0.3,1.7,.168,-1.0,0.1,2010
45,45,MIN,Paulão Prestes,,,,,,,,,,,,,,,,,,,2010
46,46,PHO,Gani Lawal,Georgia Tech,1,1,2,0,0,0,,,,2.0,0.0,0.0,0.0,0.0,-.009,-15.0,0.0,2010
47,47,MIL,Tiny Gallon,Oklahoma,,,,,,,,,,,,,,,,,,2010
48,48,MIA,Latavious Williams,,,,,,,,,,,,,,,,,,,2010
49,49,SAS,Ryan Richards,,,,,,,,,,,,,,,,,,,2010
50,50,DAL,Solomon Alabi,Florida State,2,26,181,39,61,5,.314,,.700,7.0,1.5,2.3,0.2,0.0,.010,-4.4,-0.1,2010
51,51,OKC,Magnum Rolle,Louisiana Tech,,,,,,,,,,,,,,,,,,2010
52,52,BOS,Luke Harangody,Notre Dame,2,70,871,253,196,36,.376,.241,.737,12.4,3.6,2.8,0.5,0.9,.048,-3.5,-0.3,2010
53,53,ATL,Pape Sy,,1,3,21,7,3,2,.333,.000,1.000,7.0,2.3,1.0,0.7,0.0,-.047,-6.0,0.0,2010
54,54,LAC,Willie Warren,Oklahoma,1,19,134,37,12,27,.371,.333,.750,7.1,1.9,0.6,1.4,0.2,.065,-2.7,0.0,2010
55,55,UTA,Jeremy Evans,Western Kentucky,7,250,2626,879,641,107,.569,.231,.687,10.5,3.5,2.6,0.4,8.2,.150,0.9,1.9,2010
56,56,MIN,Hamady N'Diaye,Rutgers University,3,33,157,20,25,3,.467,,.462,4.8,0.6,0.8,0.1,0.0,.013,-7.3,-0.2,2010
57,57,IND,Ryan Reid,Florida State,1,5,17,8,2,0,.800,,,3.4,1.6,0.4,0.0,0.1,.142,-2.0,0.0,2010
58,58,LAL,Derrick Caracter,Texas-El Paso,1,41,215,81,43,7,.485,,.739,5.2,2.0,1.0,0.2,0.3,.057,-7.1,-0.3,2010
59,59,ORL,Stanley Robinson,UConn,,,,,,,,,,,,,,,,,,2010
60,60,PHO,Dwayne Collins,Miami (FL),,,,,,,,,,,,,,,,,,2010
1,1,CLE,Kyrie Irving,Duke,14,779,26879,18433,3173,4364,.474,.394,.888,34.5,23.7,4.1,5.6,91.0,.163,4.5,43.7,2011
2,2,MIN,Derrick Williams,Arizona,7,428,8864,3809,1693,293,.434,.300,.710,20.7,8.9,4.0,0.7,14.1,.076,-1.6,0.8,2011
3,3,UTA,Enes Freedom,,11,748,16101,8349,5822,638,.548,.289,.777,21.5,11.2,7.8,0.9,52.8,.157,-0.1,7.6,2011
4,4,CLE,Tristan Thompson,Texas,13,819,20432,6822,6428,800,.520,.238,.592,24.9,8.3,7.8,1.0,49.3,.116,-1.7,1.3,2011
5,5,TOR,Jonas Valančiūnas,,14,1002,24429,12846,9052,1379,.561,.340,.793,24.4,12.8,9.0,1.4,87.6,.172,0.9,18.2,2011
6,6,WAS,Jan Veselý,,3,162,2455,590,562,96,.521,.000,.408,15.2,3.6,3.5,0.6,4.0,.078,-2.6,-0.4,2011
7,7,SAC,Bismack Biyombo,,15,892,17053,4418,5135,587,.537,.000,.552,19.1,5.0,5.8,0.7,33.3,.094,-2.6,-2.6,2011
8,8,DET,Brandon Knight,Kentucky,9,451,13202,6301,1385,1777,.411,.352,.807,29.3,14.0,3.1,3.9,11.6,.042,-1.6,1.4,2011
9,9,CHA,Kemba Walker,UConn,12,750,24810,14486,2831,3938,.418,.360,.840,33.1,19.3,3.8,5.3,59.8,.116,2.8,29.8,2011
10,10,MIL,Jimmer Fredette,BYU,6,241,3213,1438,243,331,.409,.372,.879,13.3,6.0,1.0,1.4,2.2,.033,-2.5,-0.4,2011
11,11,GSW,Klay Thompson,Washington State,13,934,29306,17346,3184,2084,.448,.409,.858,31.4,18.6,3.4,2.2,57.6,.094,0.4,17.6,2011
12,12,UTA,Alec Burks,Colorado,14,791,17576,8346,2642,1521,.415,.386,.805,22.2,10.6,3.3,1.9,31.7,.087,-0.5,6.6,2011
13,13,PHO,Markieff Morris,Kansas,14,791,18460,8076,3847,1221,.443,.341,.779,23.3,10.2,4.9,1.5,27.3,.071,-1.5,2.3,2011
14,14,HOU,Marcus Morris,Kansas,13,832,22093,9965,3690,1235,.435,.377,.774,26.6,12.0,4.4,1.5,39.4,.086,-0.8,6.7,2011
15,15,IND,Kawhi Leonard,San Diego State,14,798,25368,16546,5075,2470,.499,.391,.863,31.8,20.7,6.4,3.1,111.9,.212,6.6,55.2,2011
16,16,PHI,Nikola Vučević,USC,15,1036,32321,17684,10707,3025,.497,.350,.773,31.2,17.1,10.3,2.9,84.3,.125,2.1,33.2,2011
17,17,NYK,Iman Shumpert,Georgia Tech,10,461,11470,3320,1534,845,.391,.337,.764,24.9,7.2,3.3,1.8,12.9,.054,-1.7,0.9,2011
18,18,WAS,Chris Singleton,Florida State,3,148,2605,612,472,92,.376,.319,.633,17.6,4.1,3.2,0.6,2.3,.042,-3.2,-0.8,2011
19,19,CHA,Tobias Harris,Tennessee,15,1033,32474,16440,6292,2450,.478,.366,.838,31.4,15.9,6.1,2.4,80.6,.119,1.0,24.3,2011
20,20,MIN,Donatas Motiejūnas,,6,251,4566,1832,952,269,.469,.300,.597,18.2,7.3,3.8,1.1,7.1,.075,-2.5,-0.5,2011
21,21,POR,Nolan Smith,Duke,2,84,829,277,83,97,.371,.260,.714,9.9,3.3,1.0,1.2,-0.8,-.047,-6.0,-0.8,2011
22,22,DEN,Kenneth Faried,Morehead State University,8,478,11728,5430,3884,470,.546,.222,.654,24.5,11.4,8.1,1.0,38.8,.159,0.5,7.5,2011
23,23,HOU,Nikola Mirotić,,5,319,7718,3910,1894,407,.423,.359,.808,24.2,12.3,5.9,1.3,20.8,.129,1.6,7.1,2011
24,24,OKC,Reggie Jackson,Boston College,14,884,21859,10845,2463,3606,.423,.345,.854,24.7,12.3,2.8,4.1,36.3,.080,-0.6,7.5,2011
25,25,BOS,MarShon Brooks,Providence,5,200,3456,1592,424,282,.447,.345,.751,17.3,8.0,2.1,1.4,3.3,.046,-1.6,0.4,2011
26,26,DAL,Jordan Hamilton,Texas,5,151,2100,890,429,127,.408,.357,.670,13.9,5.9,2.8,0.8,3.0,.069,-0.1,1.0,2011
27,27,NJN,JaJuan Johnson,Purdue,1,36,298,114,58,6,.446,,.667,8.3,3.2,1.6,0.2,0.2,.032,-3.9,-0.1,2011
28,28,CHI,Norris Cole,Cleveland State University,6,360,8018,2506,702,981,.407,.324,.743,22.3,7.0,2.0,2.7,3.0,.018,-4.1,-4.1,2011
29,29,SAS,Cory Joseph,Texas,14,866,18296,5828,2094,2517,.440,.350,.786,21.1,6.7,2.4,2.9,32.1,.084,-1.1,4.0,2011
30,30,CHI,Jimmy Butler,Marquette,15,907,29972,16658,4858,3957,.474,.330,.844,33.0,18.4,5.4,4.4,129.4,.207,5.0,52.8,2011
,,,Round 2,Round 2,,Totals,Totals,Totals,Totals,Totals,Shooting,Shooting,Shooting,Per Game,Per Game,Per Game,Per Game,Advanced,Advanced,Advanced,Advanced,2011
Rk,Pk,Tm,Player,College,Yrs,G,MP,PTS,TRB,AST,FG%,3P%,FT%,MP,PTS,TRB,AST,WS,WS/48,BPM,VORP,2011
31,31,MIA,Bojan Bogdanović,,10,719,20890,11184,2559,1194,.460,.394,.859,29.1,15.6,3.6,1.7,37.6,.086,-0.9,5.8,2011
32,32,CLE,Justin Harper,Richmond,3,22,150,45,18,4,.340,.276,.333,6.8,2.0,0.8,0.2,-0.3,-.093,-8.7,-0.2,2011
33,33,DET,Kyle Singler,Duke,6,356,7794,2326,1026,272,.418,.362,.786,21.9,6.5,2.9,0.8,10.0,.062,-2.5,-0.9,2011
34,34,WAS,Shelvin Mack,Butler,8,456,8392,2997,894,1421,.423,.330,.731,18.4,6.6,2.0,3.1,10.3,.059,-1.9,0.1,2011
35,35,SAC,Tyler Honeycutt,UCLA,2,24,120,28,24,9,.314,.200,.714,5.0,1.2,1.0,0.4,-0.1,-.049,-5.1,-0.1,2011
36,36,NJN,Jordan Williams,Maryland,1,43,635,197,156,11,.507,,.652,14.8,4.6,3.6,0.3,1.3,.101,-2.1,0.0,2011
37,37,LAC,Trey Thompkins,Georgia,1,24,119,57,24,3,.393,.308,.714,5.0,2.4,1.0,0.1,0.0,.004,-5.7,-0.1,2011
38,38,HOU,Chandler Parsons,Florida,9,440,13246,5571,1972,1201,.462,.373,.713,30.1,12.7,4.5,2.7,28.9,.105,1.1,10.2,2011
39,39,CHA,Jeremy Tyler,,3,104,1034,373,269,25,.450,.000,.557,9.9,3.6,2.6,0.2,0.3,.014,-7.0,-1.3,2011
40,40,MIL,Jon Leuer,Wisconsin,8,377,5945,2395,1426,301,.484,.328,.767,15.8,6.4,3.8,0.8,13.2,.107,-0.7,2.0,2011
41,41,LAL,Darius Morris,Michigan,4,132,1464,430,126,189,.384,.322,.630,11.1,3.3,1.0,1.4,-0.3,-.010,-5.1,-1.2,2011
42,42,IND,Dāvis Bertāns,,8,475,8545,3661,1159,448,.422,.396,.863,18.0,7.7,2.4,0.9,18.6,.105,0.2,4.7,2011
43,43,CHI,Malcolm Lee,UCLA,3,36,534,140,65,51,.382,.294,.703,14.8,3.9,1.8,1.4,0.4,.040,-2.5,-0.1,2011
44,44,GSW,Charles Jenkins,Hofstra,2,110,1334,408,100,214,.434,.182,.754,12.1,3.7,0.9,1.9,0.5,.017,-4.5,-0.8,2011
45,45,NOH,Josh Harrellson,Kentucky,3,75,888,265,227,26,.438,.347,.629,11.8,3.5,3.0,0.3,2.1,.116,-0.4,0.4,2011
46,46,LAL,Andrew Goudelock,College of Charleston,3,49,475,197,34,24,.393,.345,.875,9.7,4.0,0.7,0.5,0.0,.003,-5.0,-0.3,2011
47,47,LAC,Travis Leslie,Georgia,1,10,45,14,9,5,.357,,.444,4.5,1.4,0.9,0.5,0.1,.060,-0.3,0.0,2011
48,48,ATL,Keith Benson,Oakland,1,3,9,0,3,0,.000,,,3.0,0.0,1.0,0.0,0.0,-.005,-7.7,0.0,2011
49,49,MEM,Josh Selby,Kansas,2,38,296,83,20,34,.330,.143,.720,7.8,2.2,0.5,0.9,-0.7,-.113,-9.5,-0.6,2011
50,50,PHI,Lavoy Allen,Temple,6,388,6905,1847,1843,384,.471,.133,.682,17.8,4.8,4.8,1.0,13.8,.096,-2.1,-0.1,2011
51,51,POR,Jon Diebler,Ohio State,,,,,,,,,,,,,,,,,,2011
52,52,DET,Vernon Macklin,Florida,1,23,135,46,34,5,.543,,.571,5.9,2.0,1.5,0.2,0.5,.161,1.2,0.1,2011
53,53,ORL,DeAndre Liggins,Kentucky,5,177,1907,346,252,122,.402,.352,.549,10.8,2.0,1.4,0.7,1.6,.040,-2.2,-0.1,2011
54,54,CLE,Milan Mačvan,,,,,,,,,,,,,,,,,,,2011
55,55,BOS,E'Twaun Moore,Purdue,10,598,12564,4743,1208,1055,.455,.388,.742,21.0,7.9,2.0,1.8,14.8,.057,-1.9,0.2,2011
56,56,LAL,Chukwudiebere Maduabum,,,,,,,,,,,,,,,,,,,2011
57,57,DAL,Tanguy Ngombo,,,,,,,,,,,,,,,,,,,2011
58,58,LAL,Ater Majok,,,,,,,,,,,,,,,,,,,2011
59,59,SAS,Ádám Hanga,,,,,,,,,,,,,,,,,,,2011
60,60,SAC,Isaiah Thomas,Washington,12,556,15582,9723,1321,2641,.434,.363,.872,28.0,17.5,2.4,4.8,45.3,.140,2.1,16.1,2011
1,1,NOH,Anthony Davis,Kentucky,14,807,27741,19385,8637,2065,.522,.295,.793,34.4,24.0,10.7,2.6,120.1,.208,5.8,54.9,2012
2,2,CHA,Michael Kidd-Gilchrist,Kentucky,8,446,10978,3750,2420,515,.474,.272,.715,24.6,8.4,5.4,1.2,21.0,.092,-1.8,0.6,2012
3,3,WAS,Bradley Beal,Florida,14,807,27681,17306,3251,3442,.464,.376,.821,34.3,21.4,4.0,4.3,58.4,.101,1.4,23.7,2012
4,4,CLE,Dion Waiters,Syracuse,8,419,11835,5505,1108,1163,.412,.346,.694,28.2,13.1,2.6,2.8,8.8,.036,-2.1,-0.4,2012
5,5,SAC,Thomas Robinson,Kansas,5,313,4204,1528,1507,190,.470,.000,.505,13.4,4.9,4.8,0.6,4.6,.053,-3.5,-1.6,2012
6,6,POR,Damian Lillard,Weber State,13,900,32614,22598,3845,6069,.439,.371,.899,36.2,25.1,4.3,6.7,118.4,.174,4.6,54.5,2012
7,7,GSW,Harrison Barnes,UNC,14,1070,33015,14572,4955,1887,.460,.385,.811,30.9,13.6,4.6,1.8,66.4,.097,-0.8,10.0,2012
8,8,TOR,Terrence Ross,Washington,11,733,17956,8047,2061,936,.418,.362,.837,24.5,11.0,2.8,1.3,25.0,.067,-1.0,4.5,2012
9,9,DET,Andre Drummond,UConn,14,967,25451,11696,11513,1187,.539,.217,.489,26.3,12.1,11.9,1.2,80.0,.151,1.0,18.9,2012
10,10,NOH,Austin Rivers,Duke,11,707,16858,5996,1442,1513,.419,.349,.653,23.8,8.5,2.0,2.1,15.2,.043,-3.1,-4.5,2012
11,11,POR,Meyers Leonard,Illinois,10,456,7272,2545,1771,396,.482,.390,.812,15.9,5.6,3.9,0.9,15.8,.104,-1.5,1.0,2012
12,12,HOU,Jeremy Lamb,UConn,10,573,11896,5805,2073,904,.439,.342,.857,20.8,10.1,3.6,1.6,26.8,.108,0.6,7.9,2012
13,13,PHO,Kendall Marshall,UNC,4,160,3083,802,253,779,.399,.370,.611,19.3,5.0,1.6,4.9,1.0,.015,-3.5,-1.1,2012
14,14,MIL,John Henson,UNC,8,445,8752,3383,2368,496,.540,.250,.568,19.7,7.6,5.3,1.1,20.7,.113,-0.5,3.4,2012
15,15,PHI,Maurice Harkless,St. John's,10,621,14019,4259,2198,572,.474,.320,.624,22.6,6.9,3.5,0.9,23.0,.079,-0.8,4.1,2012
16,16,HOU,Royce White,Iowa State,1,3,9,0,0,0,.000,,,3.0,0.0,0.0,0.0,0.0,-.121,-16.9,0.0,2012
17,17,DAL,Tyler Zeller,UNC,8,414,7254,2873,1820,367,.508,.286,.764,17.5,6.9,4.4,0.9,17.1,.113,-2.0,0.0,2012
18,18,HOU,Terrence Jones,Kentucky,6,234,5562,2431,1334,238,.501,.297,.621,23.8,10.4,5.7,1.0,14.7,.127,0.5,3.6,2012
19,19,ORL,Andrew Nicholson,St. Bonaventure,5,285,4080,1700,857,126,.467,.321,.773,14.3,6.0,3.0,0.4,3.8,.045,-3.6,-1.6,2012
20,20,DEN,Evan Fournier,,12,704,19514,9607,1878,1759,.441,.374,.799,27.7,13.6,2.7,2.5,30.5,.075,-1.1,4.3,2012
21,21,BOS,Jared Sullinger,Ohio State,5,269,6532,2893,2006,477,.436,.272,.723,24.3,10.8,7.5,1.8,15.3,.113,-0.4,2.7,2012
22,22,BOS,Fab Melo,Syracuse,1,6,36,7,3,0,.500,,.250,6.0,1.2,0.5,0.0,0.0,.021,-7.6,-0.1,2012
23,23,ATL,John Jenkins,Vanderbilt,6,171,2183,855,250,138,.441,.367,.847,12.8,5.0,1.5,0.8,3.0,.065,-1.9,0.1,2012
24,24,CLE,Jared Cunningham,Oregon State,4,84,605,197,56,39,.347,.306,.674,7.2,2.3,0.7,0.5,0.2,.017,-5.7,-0.6,2012
25,25,MEM,Tony Wroten,Washington,4,145,3076,1604,363,437,.413,.231,.647,21.2,11.1,2.5,3.0,-1.3,-.021,-3.4,-1.1,2012
26,26,IND,Miles Plumlee,Duke,7,346,5658,1697,1562,178,.542,,.543,16.4,4.9,4.5,0.5,10.6,.090,-1.9,0.2,2012
27,27,MIA,Arnett Moultrie,Mississippi State,2,59,729,210,180,12,.547,,.667,12.4,3.6,3.1,0.2,1.7,.113,-2.8,-0.1,2012
28,28,OKC,Perry Jones,Baylor,3,143,1675,488,252,54,.420,.293,.660,11.7,3.4,1.8,0.4,1.7,.048,-3.5,-0.6,2012
29,29,CHI,Marquis Teague,Kentucky,3,91,909,217,90,134,.343,.222,.661,10.0,2.4,1.0,1.5,-0.9,-.045,-6.5,-1.0,2012
30,30,GSW,Festus Ezeli,Vanderbilt,3,170,2394,712,725,63,.513,,.557,14.1,4.2,4.3,0.4,5.9,.119,-2.0,0.0,2012
,,,Round 2,Round 2,,Totals,Totals,Totals,Totals,Totals,Shooting,Shooting,Shooting,Per Game,Per Game,Per Game,Per Game,Advanced,Advanced,Advanced,Advanced,2012
Rk,Pk,Tm,Player,College,Yrs,G,MP,PTS,TRB,AST,FG%,3P%,FT%,MP,PTS,TRB,AST,WS,WS/48,BPM,VORP,2012
31,31,CHA,Jeff Taylor,Vanderbilt,3,132,2566,807,263,107,.409,.319,.665,19.4,6.1,2.0,0.8,1.3,.024,-4.2,-1.5,2012
32,32,WAS,Tomáš Satoranský,,6,388,8617,2676,1117,1586,.468,.354,.820,22.2,6.9,2.9,4.1,17.9,.100,-0.9,2.4,2012
33,33,CLE,Bernard James,Florida State,3,92,761,203,212,13,.497,.000,.680,8.3,2.2,2.3,0.1,1.9,.117,-1.8,0.0,2012
34,34,CLE,Jae Crowder,Marquette,13,812,20161,7515,3391,1281,.418,.347,.777,24.8,9.3,4.2,1.6,43.0,.102,0.1,10.9,2012
35,35,GSW,Draymond Green,Michigan State,14,949,27151,8235,6462,5324,.447,.321,.710,28.6,8.7,6.8,5.6,66.3,.117,2.1,27.9,2012
36,36,SAC,Orlando Johnson,UC Santa Barbara,3,103,1112,329,180,69,.358,.311,.727,10.8,3.2,1.7,0.7,1.4,.059,-2.4,-0.1,2012
37,37,TOR,Quincy Acy,Baylor,7,337,5392,1642,1179,217,.444,.350,.759,16.0,4.9,3.5,0.6,8.7,.078,-2.0,-0.1,2012
38,38,DEN,Quincy Miller,Baylor,3,69,934,295,169,37,.350,.292,.706,13.5,4.3,2.4,0.5,-0.1,-.003,-3.9,-0.5,2012
39,39,DET,Khris Middleton,Texas A&M,14,839,25262,13541,3931,3242,.458,.385,.878,30.1,16.1,4.7,3.9,58.2,.111,0.5,15.7,2012
40,40,POR,Will Barton,Memphis,11,679,17116,7625,2792,1817,.430,.355,.787,25.2,11.2,4.1,2.7,26.5,.074,-0.4,6.9,2012
41,41,POR,Tyshawn Taylor,Kansas,2,61,491,174,33,57,.354,.360,.684,8.0,2.9,0.5,0.9,-0.9,-.088,-8.1,-0.8,2012
42,42,MIL,Doron Lamb,Kentucky,2,100,1272,345,95,75,.381,.394,.700,12.7,3.5,1.0,0.8,0.1,.005,-5.8,-1.2,2012
43,43,ATL,Mike Scott,Virginia,9,555,9182,3736,1727,499,.453,.362,.757,16.5,6.7,3.1,0.9,16.8,.088,-1.7,0.6,2012
44,44,DET,Kim English,Missouri,1,41,407,119,37,26,.375,.280,.724,9.9,2.9,0.9,0.6,0.2,.021,-4.2,-0.2,2012
45,45,PHI,Justin Hamilton,LSU,3,113,1961,687,403,91,.464,.309,.798,17.4,6.1,3.6,0.8,3.7,.091,-0.9,0.5,2012
46,46,NOH,Darius Miller,Kentucky,6,271,5358,1597,447,367,.419,.383,.840,19.8,5.9,1.6,1.4,6.5,.059,-2.3,-0.4,2012
47,47,UTA,Kevin Murphy,Tennessee Technological University,1,17,52,15,4,2,.250,.200,,3.1,0.9,0.2,0.1,-0.3,-.272,-16.8,-0.2,2012
48,48,NYK,Kostas Papanikolaou,,2,69,1089,249,158,101,.354,.297,.688,15.8,3.6,2.3,1.5,0.3,.015,-2.7,-0.2,2012
49,49,ORL,Kyle O'Quinn,Norfolk State,8,472,6714,2568,2166,643,.517,.218,.740,14.2,5.4,4.6,1.4,17.8,.128,0.9,5.0,2012
50,50,DEN,İzzet Türkyılmaz,,,,,,,,,,,,,,,,,,,2012
51,51,BOS,Kris Joseph,Syracuse,1,10,54,9,7,1,.143,.000,.625,5.4,0.9,0.7,0.1,-0.1,-.127,-9.9,-0.1,2012
52,52,GSW,Ognjen Kuzmić,,2,37,164,35,38,8,.520,,.600,4.4,0.9,1.0,0.2,0.2,.061,-5.6,-0.2,2012
53,53,LAC,Furkan Aldemir,,1,41,540,93,176,28,.513,.000,.481,13.2,2.3,4.3,0.7,1.4,.122,-3.6,-0.2,2012
54,54,PHI,Tornike Shengelia,,2,45,247,59,39,17,.451,.125,.500,5.5,1.3,0.9,0.4,-0.2,-.032,-7.0,-0.3,2012
55,55,DAL,Darius Johnson-Odom,Marquette,2,7,21,0,6,2,.000,.000,.000,3.0,0.0,0.9,0.3,-0.3,-.597,-25.5,-0.1,2012
56,56,TOR,Tomislav Zubčić,,,,,,,,,,,,,,,,,,,2012
57,57,NJN,İlkan Karaman,,,,,,,,,,,,,,,,,,,2012
58,58,MIN,Robbie Hummel,Purdue,2,98,1397,379,266,50,.418,.343,.867,14.3,3.9,2.7,0.5,1.9,.066,-3.1,-0.4,2012
59,59,SAS,Marcus Denmon,Missouri,,,,,,,,,,,,,,,,,,2012
60,60,LAL,Robert Sacre,Gonzaga,4,189,2745,787,593,126,.436,.000,.671,14.5,4.2,3.1,0.7,2.4,.042,-4.0,-1.4,2012
1,1,CLE,Anthony Bennett,UNLV,4,151,1905,658,472,77,.392,.261,.670,12.6,4.4,3.1,0.5,0.5,.013,-4.8,-1.3,2013
2,2,ORL,Victor Oladipo,Indiana,10,504,16247,8503,2245,1970,.436,.347,.788,32.2,16.9,4.5,3.9,25.6,.076,0.7,11.0,2013
3,3,WAS,Otto Porter Jr.,Georgetown,11,527,13400,5419,2599,783,.477,.397,.797,25.4,10.3,4.9,1.5,36.7,.132,1.7,12.5,2013
4,4,CHA,Cody Zeller,Indiana,11,552,11510,4376,3125,740,.520,.220,.727,20.9,7.9,5.7,1.3,33.5,.140,-0.7,3.9,2013
5,5,PHO,Alex Len,Maryland,12,690,11754,4608,3624,589,.510,.322,.678,17.0,6.7,5.3,0.9,23.9,.097,-1.9,0.3,2013
6,6,NOH,Nerlens Noel,Kentucky,9,467,10281,3338,2835,501,.546,.200,.655,22.0,7.1,6.1,1.1,28.3,.132,0.9,7.4,2013
7,7,SAC,Ben McLemore,Kansas,9,556,12534,5015,1269,563,.414,.363,.780,22.5,9.0,2.3,1.0,9.0,.035,-3.1,-3.4,2013
8,8,DET,Kentavious Caldwell-Pope,Georgia,13,963,28124,10600,2833,1791,.427,.365,.826,29.2,11.0,2.9,1.9,49.2,.084,-1.0,7.2,2013
9,9,MIN,Trey Burke,Michigan,9,498,10401,4792,878,1522,.410,.345,.810,20.9,9.6,1.8,3.1,12.9,.060,-1.3,1.7,2013
10,10,POR,CJ McCollum,Lehigh,13,863,27528,16838,3119,3298,.453,.395,.796,31.9,19.5,3.6,3.8,54.9,.096,1.1,21.5,2013
11,11,PHI,Michael Carter-Williams,Syracuse,9,395,9942,4040,1718,1708,.402,.256,.705,25.2,10.2,4.3,4.3,6.6,.032,-1.2,1.8,2013
12,12,OKC,Steven Adams,Pitt,12,796,20468,6930,6391,1193,.584,.059,.534,25.7,8.7,8.0,1.5,63.7,.149,0.5,12.9,2013
13,13,DAL,Kelly Olynyk,Gonzaga,13,842,18360,8272,4200,2024,.486,.369,.794,21.8,9.8,5.0,2.4,47.1,.123,0.8,13.1,2013
14,14,UTA,Shabazz Muhammad,UCLA,5,278,4772,2504,770,151,.473,.319,.751,17.2,9.0,2.8,0.5,8.5,.085,-2.0,0.0,2013
15,15,MIL,Giannis Antetokounmpo,,13,895,29273,21531,8882,4484,.554,.285,.691,32.7,24.1,9.9,5.0,125.8,.206,6.8,65.5,2013
16,16,BOS,Lucas Nogueira,,4,141,1754,446,388,72,.632,.265,.640,12.4,3.2,2.8,0.5,6.0,.165,2.3,1.9,2013
17,17,ATL,Dennis Schröder,,13,912,24721,12494,2624,4438,.430,.341,.836,27.1,13.7,2.9,4.9,34.2,.066,-1.5,2.9,2013
18,18,ATL,Shane Larkin,Miami (FL),4,256,4880,1399,490,737,.422,.336,.777,19.1,5.5,1.9,2.9,4.4,.044,-2.4,-0.6,2013
19,19,CLE,Sergey Karasev,,3,95,1110,287,140,87,.395,.282,.842,11.7,3.0,1.5,0.9,0.8,.036,-3.4,-0.4,2013
20,20,CHI,Tony Snell,New Mexico,9,601,13092,3672,1371,669,.431,.394,.846,21.8,6.1,2.3,1.1,18.5,.068,-2.0,-0.1,2013
21,21,UTA,Gorgui Dieng,Louisville,10,628,12625,4591,3534,837,.496,.355,.791,20.1,7.3,5.6,1.3,30.7,.117,0.2,7.1,2013
22,22,BRK,Mason Plumlee,Duke,13,880,18969,6949,5820,2065,.596,.039,.577,21.6,7.9,6.6,2.3,58.4,.148,1.2,15.2,2013
23,23,IND,Solomon Hill,Arizona,9,448,9652,2453,1399,662,.388,.331,.797,21.5,5.5,3.1,1.5,11.9,.059,-2.1,-0.3,2013
24,24,NYK,Tim Hardaway Jr.,Michigan,13,893,24389,12230,2544,1594,.419,.365,.815,27.3,13.7,2.8,1.8,38.2,.075,-1.2,5.2,2013
25,25,LAC,Reggie Bullock,UNC,11,556,12556,4039,1451,647,.424,.385,.827,22.6,7.3,2.6,1.2,21.4,.082,-1.2,2.6,2013
26,26,MIN,Andre Roberson,Colorado,7,307,6801,1382,1230,265,.473,.253,.468,22.2,4.5,4.0,0.9,12.6,.089,-0.6,2.3,2013
27,27,DEN,Rudy Gobert,,13,905,27811,11287,10572,1251,.658,.000,.633,30.7,12.5,11.7,1.4,124.9,.216,3.1,35.8,2013
28,28,SAS,Livio Jean-Charles,,,,,,,,,,,,,,,,,,,2013
29,29,OKC,Archie Goodwin,Kentucky,4,165,2396,1040,331,206,.429,.236,.700,14.5,6.3,2.0,1.2,1.1,.022,-3.0,-0.6,2013
30,30,PHO,Nemanja Nedović,,1,24,142,26,15,13,.205,.167,.875,5.9,1.1,0.6,0.5,-0.4,-.132,-10.0,-0.3,2013
,,,Round 2,Round 2,,Totals,Totals,Totals,Totals,Totals,Shooting,Shooting,Shooting,Per Game,Per Game,Per Game,Per Game,Advanced,Advanced,Advanced,Advanced,2013
Rk,Pk,Tm,Player,College,Yrs,G,MP,PTS,TRB,AST,FG%,3P%,FT%,MP,PTS,TRB,AST,WS,WS/48,BPM,VORP,2013
31,31,CLE,Allen Crabbe,California,7,381,9125,3453,1073,434,.425,.387,.831,24.0,9.1,2.8,1.1,13.7,.072,-1.6,0.9,2013
32,32,OKC,Álex Abrines,,3,174,2777,924,248,88,.387,.368,.880,16.0,5.3,1.4,0.5,5.0,.086,-1.9,0.1,2013
33,33,CLE,Carrick Felix,Arizona State,1,7,38,19,6,4,.500,.400,.750,5.4,2.7,0.9,0.6,0.0,.057,-3.4,0.0,2013
34,34,HOU,Isaiah Canaan,Murray State,6,235,4799,1913,438,454,.371,.351,.836,20.4,8.1,1.9,1.9,4.3,.043,-2.4,-0.5,2013
35,35,PHI,Glen Rice Jr.,Georgia Tech,2,16,152,43,24,9,.269,.250,.692,9.5,2.7,1.5,0.6,-0.2,-.065,-6.6,-0.2,2013
36,36,SAC,Ray McCallum,Detroit Mercy,3,154,2808,920,306,368,.408,.335,.711,18.2,6.0,2.0,2.4,2.1,.035,-2.6,-0.4,2013
37,37,DET,Tony Mitchell,University of North Texas,1,21,79,22,26,2,.417,1.000,.579,3.8,1.0,1.2,0.1,0.2,.151,0.4,0.0,2013
38,38,WAS,Nate Wolters,South Dakota State,3,84,1575,461,185,209,.423,.261,.635,18.8,5.5,2.2,2.5,0.9,.028,-2.6,-0.2,2013
39,39,POR,Jeff Withey,Kansas,5,207,2072,666,518,64,.525,.143,.716,10.0,3.2,2.5,0.3,6.8,.157,0.5,1.3,2013
40,40,POR,Grant Jerrett,Arizona,1,8,51,16,9,3,.269,.067,1.000,6.4,2.0,1.1,0.4,-0.1,-.128,-10.8,-0.1,2013
41,41,MEM,Jamaal Franklin,San Diego State,2,24,174,42,25,9,.415,.462,1.000,7.3,1.8,1.0,0.4,0.0,-.006,-5.9,-0.2,2013
42,42,PHI,Pierre Jackson,Baylor,1,8,84,35,9,19,.333,.273,.857,10.5,4.4,1.1,2.4,0.0,.021,-4.4,-0.1,2013
43,43,MIL,Ricky Ledo,Providence,2,28,277,109,38,21,.336,.371,.769,9.9,3.9,1.4,0.8,-0.6,-.096,-7.6,-0.4,2013
44,44,DAL,Mike Muscala,Bucknell,11,548,8239,3206,1699,464,.451,.373,.830,15.0,5.9,3.1,0.8,19.2,.112,-0.2,3.7,2013
45,45,POR,Marko Todorović,,,,,,,,,,,,,,,,,,,2013
46,46,UTA,Erick Green,Virginia Tech,2,52,452,159,37,42,.377,.288,.857,8.7,3.1,0.7,0.8,0.1,.011,-4.0,-0.2,2013
47,47,ATL,Raul Neto,,8,435,6765,2470,658,913,.458,.361,.812,15.6,5.7,1.5,2.1,11.6,.082,-1.5,0.8,2013
48,48,LAL,Ryan Kelly,Duke,4,163,3125,981,504,215,.378,.316,.797,19.2,6.0,3.1,1.3,3.0,.046,-2.6,-0.5,2013
49,49,CHI,Erik Murphy,Florida,1,24,62,6,8,2,.231,.000,,2.6,0.3,0.3,0.1,-0.1,-.055,-8.6,-0.1,2013
50,50,ATL,James Ennis III,Cal State Long Beach,8,395,8022,2629,1306,373,.457,.360,.797,20.3,6.7,3.3,0.9,16.2,.097,-1.5,0.9,2013
51,51,ORL,Romero Osby,Oklahoma,,,,,,,,,,,,,,,,,,2013
52,52,MIN,Lorenzo Brown,NC State,5,103,1185,293,151,183,.364,.170,.707,11.5,2.8,1.5,1.8,-0.2,-.007,-3.5,-0.5,2013
53,53,IND,Colton Iverson,Colorado State,,,,,,,,,,,,,,,,,,2013
54,54,WAS,Arsalan Kazemi,Oregon,,,,,,,,,,,,,,,,,,2013
55,55,MEM,Joffrey Lauvergne,,4,208,2823,1159,789,180,.479,.285,.719,13.6,5.6,3.8,0.9,5.2,.089,-2.1,-0.1,2013
56,56,DET,Peyton Siva,Louisville,1,24,224,54,14,34,.316,.280,.733,9.3,2.3,0.6,1.4,-0.2,-.032,-6.4,-0.2,2013
57,57,PHO,Alex Oriakhi,Missouri,,,,,,,,,,,,,,,,,,2013
58,58,SAS,Deshaun Thomas,Ohio State,,,,,,,,,,,,,,,,,,2013
59,59,MIN,Bojan Dubljević,,,,,,,,,,,,,,,,,,,2013
60,60,MEM,Jānis Timma,,,,,,,,,,,,,,,,,,,2013
1,1,CLE,Andrew Wiggins,Kansas,12,834,27951,15214,3754,1937,.451,.362,.728,33.5,18.2,4.5,2.3,37.6,.065,-1.2,5.8,2014
2,2,MIL,Jabari Parker,Duke,8,310,8535,4380,1703,610,.494,.326,.743,27.5,14.1,5.5,2.0,13.8,.078,-0.8,2.5,2014
3,3,PHI,Joel Embiid,Kansas,10,490,15608,13544,5280,1808,.500,.339,.830,31.9,27.6,10.8,3.7,69.0,.212,6.7,34.3,2014
4,4,ORL,Aaron Gordon,Arizona,12,756,22081,10339,4683,2035,.485,.335,.698,29.2,13.7,6.2,2.7,50.1,.109,0.4,13.4,2014
5,5,UTA,Danté Exum,,8,320,6005,1991,623,728,.435,.343,.765,18.8,6.2,1.9,2.3,6.6,.053,-2.8,-1.2,2014
6,6,BOS,Marcus Smart,Oklahoma State,12,697,20495,7314,2355,3080,.389,.324,.779,29.4,10.5,3.4,4.4,36.2,.085,-0.5,7.6,2014
7,7,LAL,Julius Randle,Kentucky,12,789,25348,15184,7023,3108,.472,.332,.759,32.1,19.2,8.9,3.9,56.9,.108,1.0,19.4,2014
8,8,SAC,Nik Stauskas,Michigan,6,343,6701,2290,691,515,.389,.354,.812,19.5,6.7,2.0,1.5,3.9,.028,-3.0,-1.7,2014
9,9,CHO,Noah Vonleh,Indiana,8,362,5854,1685,1790,264,.459,.307,.692,16.2,4.7,4.9,0.7,9.4,.077,-2.5,-0.7,2014
10,10,PHI,Elfrid Payton,Louisiana,9,524,13894,5121,2086,3034,.444,.286,.623,26.5,9.8,4.0,5.8,15.1,.052,-1.1,3.1,2014
11,11,DEN,Doug McDermott,Creighton,12,726,14011,6162,1493,686,.468,.410,.806,19.3,8.5,2.1,0.9,21.7,.074,-2.2,-0.7,2014
12,12,ORL,Dario Šarić,,9,498,11120,5118,2632,942,.443,.360,.838,22.3,10.3,5.3,1.9,20.8,.090,-0.8,3.4,2014
13,13,MIN,Zach LaVine,UCLA,12,693,22685,14338,2773,2684,.470,.391,.835,32.7,20.7,4.0,3.9,38.6,.082,0.6,14.6,2014
14,14,PHO,T.J. Warren,NC State,9,385,10365,5497,1515,446,.505,.351,.780,26.9,14.3,3.9,1.2,20.9,.097,-0.4,4.1,2014
15,15,ATL,Adreian Payne,Michigan State,4,107,1403,429,315,66,.406,.254,.680,13.1,4.0,2.9,0.6,-0.6,-.019,-5.9,-1.4,2014
16,16,CHI,Jusuf Nurkić,,12,631,15430,7438,5644,1664,.502,.294,.661,24.5,11.8,8.9,2.6,34.7,.108,0.4,9.5,2014
17,17,BOS,James Young,Kentucky,4,95,812,219,96,28,.367,.277,.563,8.5,2.3,1.0,0.3,0.8,.046,-3.4,-0.3,2014
18,18,PHO,Tyler Ennis,Syracuse,4,186,2336,779,250,359,.419,.317,.768,12.6,4.2,1.3,1.9,1.3,.026,-3.4,-0.8,2014
19,19,CHI,Gary Harris,Michigan State,12,666,17326,6568,1476,1192,.446,.370,.810,26.0,9.9,2.2,1.8,27.5,.076,-1.4,2.6,2014
20,20,TOR,Bruno Caboclo,,7,105,1293,442,268,72,.403,.308,.836,12.3,4.2,2.6,0.7,1.5,.054,-2.7,-0.2,2014
21,21,OKC,Mitch McGary,Michigan,2,52,557,227,183,17,.527,.000,.580,10.7,4.4,3.5,0.3,1.3,.108,-2.6,-0.1,2014
22,22,MEM,Jordan Adams,UCLA,2,32,263,101,30,19,.402,.385,.607,8.2,3.2,0.9,0.6,0.4,.070,1.7,0.2,2014
23,23,UTA,Rodney Hood,Duke,8,448,10977,4656,1160,736,.420,.366,.841,24.5,10.4,2.6,1.6,17.4,.076,-1.2,2.2,2014
24,24,CHO,Shabazz Napier,UConn,6,345,5986,2433,657,849,.397,.345,.815,17.4,7.1,1.9,2.5,8.1,.065,-0.7,2.0,2014
25,25,HOU,Clint Capela,,12,739,18329,8236,7330,726,.613,.125,.546,24.8,11.1,9.9,1.0,72.6,.190,1.6,16.5,2014
26,26,MIA,P.J. Hairston,UNC,2,111,2000,664,266,59,.343,.295,.810,18.0,6.0,2.4,0.5,0.9,.021,-3.9,-1.0,2014
27,27,PHO,Bogdan Bogdanović,,9,526,14750,7344,1738,1667,.436,.381,.845,28.0,14.0,3.3,3.2,25.0,.081,0.1,7.7,2014
28,28,LAC,C.J. Wilcox,Washington,3,66,376,132,31,30,.370,.333,.813,5.7,2.0,0.5,0.5,0.1,.007,-4.3,-0.2,2014
29,29,OKC,Josh Huestis,Stanford,3,76,1068,187,180,23,.346,.312,.240,14.1,2.5,2.4,0.3,0.7,.030,-3.5,-0.4,2014
30,30,SAS,Kyle Anderson,UCLA,12,757,16177,5142,3217,2104,.480,.340,.715,21.4,6.8,4.2,2.8,41.3,.122,1.7,15.1,2014
,,,Round 2,Round 2,,Totals,Totals,Totals,Totals,Totals,Shooting,Shooting,Shooting,Per Game,Per Game,Per Game,Per Game,Advanced,Advanced,Advanced,Advanced,2014
Rk,Pk,Tm,Player,College,Yrs,G,MP,PTS,TRB,AST,FG%,3P%,FT%,MP,PTS,TRB,AST,WS,WS/48,BPM,VORP,2014
31,31,MIL,Damien Inglis,,1,20,156,36,31,10,.351,.231,.875,7.8,1.8,1.6,0.5,-0.1,-.024,-5.6,-0.1,2014
32,32,PHI,K.J. McDaniels,Clemson,3,148,2092,782,324,95,.412,.290,.776,14.1,5.3,2.2,0.6,1.3,.030,-2.8,-0.4,2014
33,33,CLE,Joe Harris,Virginia,10,504,12298,5185,1521,790,.479,.436,.771,24.4,10.3,3.0,1.6,23.1,.090,-0.7,4.1,2014
34,34,NYK,Cleanthony Early,Wichita State,2,56,801,241,123,42,.346,.263,.750,14.3,4.3,2.2,0.8,-0.6,-.039,-5.9,-0.8,2014
35,35,UTA,Jarnell Stokes,Tennessee,3,28,151,67,40,7,.581,,.531,5.4,2.4,1.4,0.3,0.6,.202,0.1,0.1,2014
36,36,MIL,Johnny O'Bryant,LSU,4,147,1684,509,352,69,.402,.360,.663,11.5,3.5,2.4,0.5,0.2,.006,-6.2,-1.8,2014
37,37,TOR,DeAndre Daniels,UConn,,,,,,,,,,,,,,,,,,2014
38,38,DET,Spencer Dinwiddie,Colorado,11,621,17219,8078,1851,3153,.414,.333,.796,27.7,13.0,3.0,5.1,36.0,.100,-0.1,8.1,2014
39,39,PHI,Jerami Grant,Syracuse,12,776,21749,10488,3024,1272,.449,.367,.759,28.0,13.5,3.9,1.6,40.7,.090,-0.4,8.7,2014
40,40,MIN,Glenn Robinson III,Michigan,7,304,5299,1804,776,238,.457,.373,.779,17.4,5.9,2.6,0.8,7.9,.071,-1.7,0.4,2014
41,41,DEN,Nikola Jokić,,11,810,25914,18009,8977,6080,.561,.362,.825,32.0,22.2,11.1,7.5,142.9,.265,10.6,82.5,2014
42,42,HOU,Nick Johnson,Arizona,1,28,262,74,39,11,.347,.238,.680,9.4,2.6,1.4,0.4,-0.1,-.020,-6.5,-0.3,2014
43,43,ATL,Edy Tavares,,2,13,101,33,32,4,.625,,.273,7.8,2.5,2.5,0.3,0.2,.118,-0.4,0.0,2014
44,44,MIN,Markel Brown,Oklahoma State,3,113,1794,584,234,132,.380,.295,.781,15.9,5.2,2.1,1.2,1.1,.029,-2.9,-0.4,2014
45,45,CHO,Dwight Powell,Stanford,12,768,13469,4964,3252,800,.606,.294,.734,17.5,6.5,4.2,1.0,50.5,.180,0.7,9.1,2014
46,46,WAS,Jordan Clarkson,Missouri,12,825,22102,12651,2650,2307,.437,.336,.829,26.8,15.3,3.2,2.8,25.9,.056,-1.1,5.1,2014
47,47,PHI,Russ Smith,Louisville,2,27,131,53,15,19,.319,.188,.769,4.9,2.0,0.6,0.7,-0.2,-.068,-5.1,-0.1,2014
48,48,MIL,Lamar Patterson,Pitt,2,40,435,93,57,45,.326,.236,.720,10.9,2.3,1.4,1.1,0.1,.006,-5.7,-0.4,2014
49,49,CHI,Cameron Bairstow,New Mexico,2,36,167,44,36,7,.296,.200,.846,4.6,1.2,1.0,0.2,-0.1,-.021,-8.1,-0.3,2014
50,50,PHO,Alec Brown,Green Bay,,,,,,,,,,,,,,,,,,2014
51,51,NYK,Thanasis Antetokounmpo,,7,232,1668,528,337,130,.506,.134,.536,7.2,2.3,1.5,0.6,2.1,.061,-4.1,-0.9,2014
52,52,PHI,Vasilije Micić,,2,101,1961,691,177,390,.395,.315,.819,19.4,6.8,1.8,3.9,-0.6,-.015,-5.6,-1.8,2014
53,53,MIN,Alessandro Gentile,,,,,,,,,,,,,,,,,,,2014
54,54,PHI,Nemanja Dangubić,,,,,,,,,,,,,,,,,,,2014
55,55,MIA,Semaj Christon,Xavier,1,64,973,183,87,130,.345,.190,.548,15.2,2.9,1.4,2.0,0.1,.006,-5.1,-0.8,2014
56,56,DEN,Devyn Marble,Iowa,2,44,457,97,69,29,.304,.222,.375,10.4,2.2,1.6,0.7,-0.3,-.028,-5.5,-0.4,2014
57,57,IND,Louis Labeyrie,,,,,,,,,,,,,,,,,,,2014
58,58,SAS,Jordan McRae,Tennessee,4,123,1696,846,225,167,.417,.355,.772,13.8,6.9,1.8,1.4,1.7,.048,-2.1,0.0,2014
59,59,TOR,Xavier Thames,San Diego State,,,,,,,,,,,,,,,,,,2014
60,60,SAS,Cory Jefferson,Baylor,2,58,581,205,161,16,.444,.125,.583,10.0,3.5,2.8,0.3,0.9,.071,-3.3,-0.2,2014
1,1,MIN,Karl-Anthony Towns,Kentucky,11,720,24294,16384,8025,2263,.522,.397,.840,33.7,22.8,11.1,3.1,94.6,.187,4.3,38.5,2015
2,2,LAL,D'Angelo Russell,Ohio State,11,655,19240,11132,2177,3690,.427,.363,.793,29.4,17.0,3.3,5.6,26.5,.066,0.6,12.4,2015
3,3,PHI,Jahlil Okafor,Duke,7,248,4830,2566,1170,226,.542,.222,.676,19.5,10.3,4.7,0.9,7.2,.071,-2.0,0.0,2015
4,4,NYK,Kristaps Porziņģis,,10,533,16175,10372,4055,994,.461,.364,.830,30.3,19.5,7.6,1.9,50.4,.150,2.6,18.9,2015
5,5,ORL,Mario Hezonja,,5,330,6107,2284,1026,415,.417,.319,.812,18.5,6.9,3.1,1.3,3.2,.025,-2.8,-1.2,2015
6,6,SAC,Willie Cauley-Stein,Kentucky,7,422,9276,3675,2470,598,.544,.188,.612,22.0,8.7,5.9,1.4,23.3,.121,-0.1,4.4,2015
7,7,DEN,Emmanuel Mudiay,,6,302,7187,3299,884,1143,.401,.323,.744,23.8,10.9,2.9,3.8,-0.2,-.001,-3.2,-2.2,2015
8,8,DET,Stanley Johnson,Arizona,8,449,8879,2806,1404,679,.391,.305,.748,19.8,6.2,3.1,1.5,6.9,.037,-2.7,-1.6,2015
9,9,CHO,Frank Kaminsky,Wisconsin,8,413,8160,3630,1579,651,.430,.349,.746,19.8,8.8,3.8,1.6,15.9,.094,-0.2,3.7,2015
10,10,MIA,Justise Winslow,Duke,8,344,8906,2829,1760,889,.412,.315,.638,25.9,8.2,5.1,2.6,8.2,.044,-2.1,-0.3,2015
11,11,IND,Myles Turner,Texas,11,713,20366,9877,4727,916,.494,.365,.769,28.6,13.9,6.6,1.3,51.7,.122,0.6,13.5,2015
12,12,UTA,Trey Lyles,Kentucky,10,650,11970,4935,2826,697,.441,.347,.741,18.4,7.6,4.3,1.1,22.0,.088,-1.0,3.0,2015
13,13,PHO,Devin Booker,Kentucky,11,737,25295,18120,2966,3908,.463,.352,.873,34.3,24.6,4.0,5.3,58.0,.110,1.2,20.2,2015
14,14,OKC,Cameron Payne,Murray State,11,499,8730,3866,995,1585,.417,.366,.837,17.5,7.7,2.0,3.2,14.8,.081,-0.6,3.2,2015
15,15,ATL,Kelly Oubre Jr.,Kansas,11,705,19316,9401,3284,827,.440,.327,.752,27.4,13.3,4.7,1.2,27.6,.068,-1.8,0.8,2015
16,16,BOS,Terry Rozier,Louisville,10,665,18357,9252,2610,2337,.418,.361,.829,27.6,13.9,3.9,3.5,30.6,.080,0.2,10.1,2015
17,17,MIL,Rashad Vaughn,UNLV,3,139,1671,423,158,75,.337,.313,.692,12.0,3.0,1.1,0.5,-0.6,-.017,-4.7,-1.2,2015
18,18,HOU,Sam Dekker,Wisconsin,5,201,3097,1094,607,160,.478,.288,.606,15.4,5.4,3.0,0.8,5.4,.083,-1.4,0.5,2015
19,19,WAS,Jerian Grant,Notre Dame,5,279,4998,1692,529,805,.411,.323,.770,17.9,6.1,1.9,2.9,8.3,.080,-1.6,0.5,2015
20,20,TOR,Delon Wright,Utah,10,548,11175,3656,1650,1636,.447,.348,.799,20.4,6.7,3.0,3.0,28.9,.124,1.9,11.1,2015
21,21,DAL,Justin Anderson,Virginia,6,242,3280,1284,621,184,.410,.292,.775,13.6,5.3,2.6,0.8,4.9,.072,-1.5,0.4,2015
22,22,CHI,Bobby Portis,Arkansas,11,721,16526,8733,5113,955,.479,.393,.761,22.9,12.1,7.1,1.3,36.6,.106,-0.4,6.8,2015
23,23,POR,Rondae Hollis-Jefferson,Arizona,6,305,6759,2760,1684,579,.449,.212,.735,22.2,9.0,5.5,1.9,12.9,.091,-0.7,2.3,2015
24,24,CLE,Tyus Jones,Duke,11,749,15403,5448,1450,3181,.441,.372,.820,20.6,7.3,1.9,4.2,34.9,.109,0.4,9.2,2015
25,25,MEM,Jarell Martin,LSU,4,184,2927,998,639,114,.434,.346,.766,15.9,5.4,3.5,0.6,3.2,.053,-4.3,-1.7,2015
26,26,SAS,Nikola Milutinov,,,,,,,,,,,,,,,,,,,2015
27,27,LAL,Larry Nance Jr.,Wyoming,11,581,13036,4335,3434,1051,.535,.352,.692,22.4,7.5,5.9,1.8,35.2,.130,1.1,10.1,2015
28,28,BOS,R.J. Hunter,Georgia State University,4,45,395,133,46,19,.371,.295,.818,8.8,3.0,1.0,0.4,0.4,.051,-2.0,0.0,2015
29,29,BRK,Chris McCullough,Syracuse,3,59,532,194,112,15,.426,.306,.548,9.0,3.3,1.9,0.3,0.6,.054,-2.5,-0.1,2015
30,30,GSW,Kevon Looney,UCLA,11,620,10617,3036,3509,990,.570,.179,.610,17.1,4.9,5.7,1.6,38.1,.172,0.3,6.2,2015
,,,Round 2,Round 2,,Totals,Totals,Totals,Totals,Totals,Shooting,Shooting,Shooting,Per Game,Per Game,Per Game,Per Game,Advanced,Advanced,Advanced,Advanced,2015
Rk,Pk,Tm,Player,College,Yrs,G,MP,PTS,TRB,AST,FG%,3P%,FT%,MP,PTS,TRB,AST,WS,WS/48,BPM,VORP,2015
31,31,MIN,Cedi Osman,,7,476,10815,4427,1411,933,.432,.357,.711,22.7,9.3,3.0,2.0,12.5,.055,-2.1,-0.3,2015
32,32,HOU,Montrezl Harrell,Louisville,8,515,10544,6220,2588,675,.619,.108,.664,20.5,12.1,5.0,1.3,42.9,.195,2.6,12.2,2015
33,33,BOS,Jordan Mickey,LSU,3,64,482,152,128,17,.449,.118,.605,7.5,2.4,2.0,0.3,0.5,.050,-4.8,-0.3,2015
34,34,LAL,Anthony Brown,Stanford,3,41,762,161,103,28,.328,.286,.850,18.6,3.9,2.5,0.7,-0.2,-.016,-5.1,-0.6,2015
35,35,PHI,Willy Hernangómez,,7,344,5149,2524,1982,364,.533,.306,.713,15.0,7.3,5.8,1.1,16.3,.152,0.1,2.8,2015
36,36,MIN,Rakeem Christmas,Syracuse,2,30,225,63,57,4,.467,,.724,7.5,2.1,1.9,0.1,0.5,.105,-4.7,-0.2,2015
37,37,PHI,Richaun Holmes,Bowling Green,10,489,9360,4164,2606,479,.605,.269,.751,19.1,8.5,5.3,1.0,30.7,.158,0.1,5.0,2015
38,38,DET,Darrun Hilliard,Villanova,3,91,859,295,85,71,.377,.304,.747,9.4,3.2,0.9,0.8,0.3,.016,-4.7,-0.6,2015
39,39,CHO,Juan Pablo Vaulet,,,,,,,,,,,,,,,,,,,2015
40,40,MIA,Josh Richardson,Tennessee,10,554,15815,6381,1685,1463,.428,.363,.846,28.5,11.5,3.0,2.6,27.7,.084,-0.6,5.5,2015
41,41,BRK,Pat Connaughton,Notre Dame,11,637,11736,3689,2084,847,.438,.357,.767,18.4,5.8,3.3,1.3,25.3,.103,-0.5,4.5,2015
42,42,UTA,Olivier Hanlan,Boston College,,,,,,,,,,,,,,,,,,2015
43,43,IND,Joe Young,Oregon,3,127,1077,429,130,119,.393,.296,.768,8.5,3.4,1.0,0.9,0.4,.016,-4.1,-0.6,2015
44,44,PHO,Andrew Harrison,Kentucky,3,145,2987,1012,287,399,.373,.294,.779,20.6,7.0,2.0,2.8,3.2,.051,-2.8,-0.6,2015
45,45,BOS,Marcus Thornton,William & Mary,,,,,,,,,,,,,,,,,,2015
46,46,MIL,Norman Powell,UCLA,11,675,16655,9418,1851,1084,.471,.396,.824,24.7,14.0,2.7,1.6,36.4,.105,0.2,9.2,2015
47,47,PHI,Artūras Gudaitis,,,,,,,,,,,,,,,,,,,2015
48,48,OKC,Dakari Johnson,Kentucky,1,31,161,55,34,8,.564,,.550,5.2,1.8,1.1,0.3,0.6,.178,-0.3,0.1,2015
49,49,WAS,Aaron White,Iowa,,,,,,,,,,,,,,,,,,2015
50,50,ATL,Marcus Eriksson,,,,,,,,,,,,,,,,,,,2015
51,51,ORL,Tyler Harvey,Eastern Washington,,,,,,,,,,,,,,,,,,2015
52,52,DAL,Satnam Singh,,,,,,,,,,,,,,,,,,,2015
53,53,CLE,Sir'Dominic Pointer,St. John's,,,,,,,,,,,,,,,,,,2015
54,54,UTA,Dani Díez,,,,,,,,,,,,,,,,,,,2015
55,55,SAS,Cady Lalanne,UMass,,,,,,,,,,,,,,,,,,2015
56,56,NOP,Branden Dawson,Michigan State,1,6,29,5,4,0,.400,,1.000,4.8,0.8,0.7,0.0,0.0,.069,-5.7,0.0,2015
57,57,DEN,Nikola Radičević,,,,,,,,,,,,,,,,,,,2015
58,58,PHI,J.P. Tokoto,UNC,,,,,,,,,,,,,,,,,,2015
59,59,ATL,Dimitrios Agravanis,,,,,,,,,,,,,,,,,,,2015
60,60,PHI,Luka Mitrović,,,,,,,,,,,,,,,,,,,2015
1,1,PHI,Ben Simmons,LSU,7,383,11910,5021,2840,2754,.558,.139,.592,31.1,13.1,7.4,7.2,35.4,.143,3.0,15.0,2016
2,2,LAL,Brandon Ingram,Duke,10,572,18920,11311,2996,2414,.469,.366,.792,33.1,19.8,5.2,4.2,31.8,.081,0.2,10.3,2016
3,3,BOS,Jaylen Brown,California,10,674,20908,13474,3700,1953,.478,.358,.739,31.0,20.0,5.5,2.9,47.5,.109,0.7,14.1,2016
4,4,PHO,Dragan Bender,,4,187,3755,1014,720,237,.399,.323,.654,20.1,5.4,3.9,1.3,0.5,.006,-3.9,-1.9,2016
5,5,MIN,Kris Dunn,Providence,10,489,11727,3712,1626,1912,.443,.337,.741,24.0,7.6,3.3,3.9,15.7,.064,-1.0,2.8,2016
6,6,NOP,Buddy Hield,Oklahoma,10,765,20999,11122,3052,1846,.433,.395,.856,27.4,14.5,4.0,2.4,28.7,.066,0.2,11.7,2016
7,7,DEN,Jamal Murray,Kentucky,9,611,19448,11528,2348,3044,.459,.390,.874,31.8,18.9,3.8,5.0,47.6,.117,1.4,16.5,2016
8,8,SAC,Marquese Chriss,Washington,6,292,5338,2206,1366,298,.456,.290,.667,18.3,7.6,4.7,1.0,6.5,.058,-2.4,-0.5,2016
9,9,TOR,Jakob Poeltl,Utah,10,641,14469,5804,4476,1176,.636,.429,.559,22.6,9.1,7.0,1.8,48.5,.161,1.3,11.9,2016
10,10,MIL,Thon Maker,,5,263,3624,1216,726,161,.435,.327,.680,13.8,4.6,2.8,0.6,6.6,.087,-2.1,-0.1,2016
11,11,ORL,Domantas Sabonis,Gonzaga,10,665,20463,10702,7096,3240,.559,.342,.729,30.8,16.1,10.7,4.9,71.0,.166,3.3,27.6,2016
12,12,UTA,Taurean Prince,Baylor,10,608,15013,5984,2172,1051,.429,.387,.812,24.7,9.8,3.6,1.7,15.5,.050,-2.1,-0.3,2016
13,13,PHO,Georgios Papagiannis,,2,39,477,160,123,29,.514,.000,.857,12.2,4.1,3.2,0.7,0.4,.044,-3.9,-0.2,2016
14,14,CHI,Denzel Valentine,Michigan State,5,256,4817,1795,857,466,.394,.360,.787,18.8,7.0,3.3,1.8,4.5,.044,-1.9,0.2,2016
15,15,DEN,Juancho Hernangómez,,7,339,5269,1711,1131,216,.428,.342,.676,15.5,5.0,3.3,0.6,8.7,.080,-1.9,0.1,2016
16,16,BOS,Guerschon Yabusele,,4,211,3388,1314,734,242,.462,.363,.724,16.1,6.2,3.5,1.1,6.4,.091,-1.5,0.4,2016
17,17,MEM,Wade Baldwin,Vanderbilt,3,56,579,174,69,78,.355,.250,.776,10.3,3.1,1.2,1.4,-0.3,-.028,-5.3,-0.5,2016
18,18,DET,Henry Ellenson,Marquette,5,83,787,342,206,49,.371,.336,.773,9.5,4.1,2.5,0.6,0.4,.023,-3.7,-0.3,2016
19,19,DEN,Malik Beasley,Florida State,9,578,13739,6738,1612,789,.426,.391,.769,23.8,11.7,2.8,1.4,20.1,.070,-0.9,3.7,2016
20,20,IND,Caris LeVert,Michigan,10,584,15705,7717,2098,2264,.436,.344,.733,26.9,13.2,3.6,3.9,25.4,.078,-0.2,7.0,2016
21,21,ATL,DeAndre' Bembry,Saint Joseph's,6,296,5670,1750,950,533,.474,.283,.611,19.2,5.9,3.2,1.8,4.4,.038,-2.3,-0.4,2016
22,22,CHO,Malachi Richardson,Syracuse,3,70,625,198,70,24,.358,.301,.783,8.9,2.8,1.0,0.3,-0.1,-.009,-6.1,-0.7,2016
23,23,BOS,Ante Žižić,,3,113,1517,674,446,64,.581,,.711,13.4,6.0,3.9,0.6,3.5,.110,-2.6,-0.2,2016
24,24,PHI,Timothé Luwawu-Cabarrot,,6,328,5254,1937,656,293,.391,.335,.829,16.0,5.9,2.0,0.9,4.7,.043,-4.0,-2.7,2016
25,25,LAC,Brice Johnson,UNC,2,21,107,47,34,3,.449,.000,.600,5.1,2.2,1.6,0.1,0.1,.062,-0.6,0.0,2016
26,26,PHI,Furkan Korkmaz,,7,328,5447,2244,646,391,.406,.356,.761,16.6,6.8,2.0,1.2,7.6,.067,-2.0,0.1,2016
27,27,TOR,Pascal Siakam,New Mexico State,10,691,21694,12810,4594,2497,.497,.342,.754,31.4,18.5,6.6,3.6,58.1,.129,1.8,21.0,2016
28,28,PHO,Skal Labissière,Kentucky,6,155,2645,1087,674,156,.493,.352,.748,17.1,7.0,4.3,1.0,4.5,.082,-2.2,-0.2,2016
29,29,SAS,Dejounte Murray,Washington,9,517,15134,8037,3000,2807,.454,.339,.793,29.3,15.5,5.8,5.4,26.8,.085,1.4,12.9,2016
30,30,GSW,Damian Jones,Vanderbilt,8,279,3782,1366,869,193,.656,.351,.715,13.6,4.9,3.1,0.7,11.3,.143,-1.0,1.0,2016
,,,Round 2,Round 2,,Totals,Totals,Totals,Totals,Totals,Shooting,Shooting,Shooting,Per Game,Per Game,Per Game,Per Game,Advanced,Advanced,Advanced,Advanced,2016
Rk,Pk,Tm,Player,College,Yrs,G,MP,PTS,TRB,AST,FG%,3P%,FT%,MP,PTS,TRB,AST,WS,WS/48,BPM,VORP,2016
31,31,BOS,Deyonta Davis,Michigan State,3,107,1299,454,346,47,.599,.000,.635,12.1,4.2,3.2,0.4,3.6,.131,-2.1,0.0,2016
32,32,LAL,Ivica Zubac,,10,632,14880,6630,5251,899,.614,.083,.725,23.5,10.5,8.3,1.4,55.5,.179,0.8,10.4,2016
33,33,LAC,Cheick Diallo,Kansas,5,183,2186,958,759,78,.596,.286,.774,11.9,5.2,4.1,0.4,6.3,.139,-1.4,0.3,2016
34,34,PHO,Tyler Ulis,Kentucky,3,133,2782,998,223,537,.403,.280,.808,20.9,7.5,1.7,4.0,0.5,.008,-3.6,-1.1,2016
35,35,BOS,Rade Zagorac,,,,,,,,,,,,,,,,,,,2016
36,36,MIL,Malcolm Brogdon,Virginia,9,463,13481,7077,1917,2156,.463,.388,.874,29.1,15.3,4.1,4.7,33.4,.119,1.3,11.2,2016
37,37,HOU,Chinanu Onuaku,Louisville,2,6,74,18,14,4,.583,,1.000,12.3,3.0,2.3,0.7,0.1,.043,-5.4,-0.1,2016
38,38,MIL,Patrick McCaw,UNLV,5,199,3373,760,319,270,.420,.305,.785,16.9,3.8,1.6,1.4,4.4,.062,-2.8,-0.6,2016
39,39,NOP,David Michineau,,,,,,,,,,,,,,,,,,,2016
40,40,NOP,Diamond Stone,Maryland,1,7,24,10,6,0,.231,,1.000,3.4,1.4,0.9,0.0,-0.1,-.211,-20.8,-0.1,2016
41,41,ORL,Stephen Zimmerman,UNLV,1,19,108,23,35,4,.323,,.600,5.7,1.2,1.8,0.2,0.0,-.005,-8.3,-0.2,2016
42,42,UTA,Isaiah Whitehead,Seton Hall,2,89,1823,643,210,212,.411,.305,.788,20.5,7.2,2.4,2.4,-0.9,-.025,-5.0,-1.4,2016
43,43,HOU,Zhou Qi,,2,19,125,24,22,2,.212,.105,.667,6.6,1.3,1.2,0.1,-0.2,-.093,-9.6,-0.2,2016
44,44,ATL,Isaïa Cordinier,,,,,,,,,,,,,,,,,,,2016
45,45,BOS,Demetrius Jackson,Notre Dame,3,26,136,48,19,17,.486,.286,.667,5.2,1.8,0.7,0.7,0.2,.087,-0.5,0.1,2016
46,46,DAL,A.J. Hammons,Purdue,1,22,163,48,36,4,.405,.500,.450,7.4,2.2,1.6,0.2,0.0,-.001,-6.6,-0.2,2016
47,47,ORL,Jake Layman,Maryland,6,243,3099,1175,417,127,.460,.300,.719,12.8,4.8,1.7,0.5,3.8,.059,-2.3,-0.2,2016
48,48,CHI,Paul Zipser,,2,98,1667,458,256,82,.371,.335,.769,17.0,4.7,2.6,0.8,0.0,-.001,-5.2,-1.4,2016
49,49,DET,Michael Gbinije,Syracuse,1,9,32,4,3,2,.100,.000,1.000,3.6,0.4,0.3,0.2,-0.1,-.136,-12.1,-0.1,2016
50,50,IND,Georges Niang,Iowa State,9,544,9494,4046,1354,534,.445,.399,.852,17.5,7.4,2.5,1.0,15.9,.080,-1.7,0.7,2016
51,51,BOS,Ben Bentil,Providence,1,3,10,0,2,0,.000,.000,,3.3,0.0,0.7,0.0,-0.1,-.473,-25.9,-0.1,2016
52,52,UTA,Joel Bolomboy,Weber State,2,18,91,31,27,2,.545,.200,.500,5.1,1.7,1.5,0.1,0.3,.132,-0.1,0.0,2016
53,53,DEN,Petr Cornelie,,1,13,38,14,14,3,.333,.125,.750,2.9,1.1,1.1,0.2,0.0,-.015,-8.8,-0.1,2016
54,54,ATL,Kay Felder,Oakland,2,58,526,223,59,78,.364,.268,.754,9.1,3.8,1.0,1.3,-0.4,-.041,-4.7,-0.4,2016
55,55,BRK,Marcus Paige,UNC,1,5,28,12,4,3,.286,.250,1.000,5.6,2.4,0.8,0.6,0.0,-.006,-8.8,0.0,2016
56,56,DEN,Daniel Hamilton,UConn,2,25,232,69,52,30,.394,.357,.500,9.3,2.8,2.1,1.2,0.0,.000,-3.3,-0.1,2016
57,57,MEM,Wang Zhelin,,,,,,,,,,,,,,,,,,,2016
58,58,BOS,Abdel Nader,Iowa State,5,202,2583,926,376,110,.428,.357,.718,12.8,4.6,1.9,0.5,2.8,.052,-2.6,-0.4,2016
59,59,SAC,Isaiah Cousins,Oklahoma,,,,,,,,,,,,,,,,,,2016
60,60,UTA,Tyrone Wallace,California,4,112,1714,566,236,127,.422,.207,.656,15.3,5.1,2.1,1.1,0.1,.003,-5.2,-1.4,2016
1,1,PHI,Markelle Fultz,Washington,9,260,6159,2660,818,1119,.469,.280,.732,23.7,10.2,3.1,4.3,8.3,.065,-1.3,1.1,2017
2,2,LAL,Lonzo Ball,UCLA,7,322,9692,3422,1705,1814,.392,.355,.603,30.1,10.6,5.3,5.6,13.3,.066,0.8,6.9,2017
3,3,BOS,Jayson Tatum,Duke,9,601,20707,14132,4453,2328,.458,.368,.839,34.5,23.5,7.4,3.9,67.2,.156,3.8,30.3,2017
4,4,PHO,Josh Jackson,Kansas,5,291,6718,3276,1159,534,.416,.292,.680,23.1,11.3,4.0,1.8,-1.7,-.012,-3.8,-3.1,2017
5,5,SAC,De'Aaron Fox,Kentucky,9,603,19892,12735,2352,3707,.472,.331,.747,33.0,21.1,3.9,6.1,40.3,.097,1.0,15.1,2017
6,6,ORL,Jonathan Isaac,Florida State,7,328,6161,2231,1491,244,.441,.316,.732,18.8,6.8,4.5,0.7,14.9,.116,0.7,4.3,2017
7,7,MIN,Lauri Markkanen,Arizona,9,492,15401,9323,3490,746,.458,.370,.871,31.3,18.9,7.1,1.5,36.7,.114,1.2,12.2,2017
8,8,NYK,Frank Ntilikina,,7,321,5454,1535,563,693,.369,.320,.762,17.0,4.8,1.8,2.2,0.3,.003,-4.4,-3.4,2017
9,9,DAL,Dennis Smith Jr.,NC State,7,326,7601,3160,967,1381,.407,.298,.674,23.3,9.7,3.0,4.2,2.3,.015,-2.1,-0.2,2017
10,10,SAC,Zach Collins,Gonzaga,8,388,7321,3110,1883,700,.485,.334,.765,18.9,8.0,4.9,1.8,12.4,.081,-1.4,1.0,2017
11,11,CHO,Malik Monk,Kentucky,9,585,13307,7216,1494,1842,.434,.355,.851,22.7,12.3,2.6,3.1,16.1,.058,-1.0,3.1,2017
12,12,DET,Luke Kennard,Duke,9,538,12440,5169,1483,1219,.466,.442,.885,23.1,9.6,2.8,2.3,28.1,.108,0.0,6.3,2017
13,13,DEN,Donovan Mitchell,Louisville,9,609,20585,15272,2640,2928,.453,.366,.844,33.8,25.1,4.3,4.8,60.2,.140,3.6,29.4,2017
14,14,MIA,Bam Adebayo,Kentucky,9,640,19719,10391,5756,2276,.522,.316,.759,30.8,16.2,9.0,3.6,64.0,.156,2.5,22.2,2017
15,15,POR,Justin Jackson,UNC,7,280,4886,1676,654,285,.423,.319,.796,17.5,6.0,2.3,1.0,5.3,.052,-2.8,-1.0,2017
16,16,CHI,Justin Patton,Creighton,4,22,296,86,60,19,.404,.250,.667,13.5,3.9,2.7,0.9,0.4,.066,-2.8,-0.1,2017
17,17,MIL,D.J. Wilson,Michigan,6,148,1818,657,454,110,.422,.331,.618,12.3,4.4,3.1,0.7,2.9,.077,-2.4,-0.2,2017
18,18,IND,T.J. Leaf,UCLA,4,146,1238,477,283,43,.492,.341,.585,8.5,3.3,1.9,0.3,2.7,.104,-1.8,0.1,2017
19,19,ATL,John Collins,Wake Forest,9,541,15611,8488,4172,767,.546,.369,.789,28.9,15.7,7.7,1.4,43.8,.135,0.5,10.0,2017
20,20,POR,Harry Giles,Duke,4,165,1935,888,573,180,.508,.244,.661,11.7,5.4,3.5,1.1,3.1,.076,-2.5,-0.2,2017
21,21,OKC,Terrance Ferguson,,4,204,4000,924,263,144,.404,.334,.753,19.6,4.5,1.3,0.7,4.4,.053,-4.0,-2.1,2017
22,22,BRK,Jarrett Allen,Texas,9,624,17540,8148,5715,1048,.641,.159,.711,28.1,13.1,9.2,1.7,73.1,.200,2.4,19.4,2017
23,23,TOR,OG Anunoby,Indiana,9,559,17078,7451,2495,976,.476,.377,.774,30.6,13.3,4.5,1.7,37.6,.106,0.4,10.5,2017
24,24,UTA,Tyler Lydon,Syracuse,2,26,96,23,18,6,.500,.400,.333,3.7,0.9,0.7,0.2,0.2,.084,-4.3,-0.1,2017
25,25,ORL,Anžejs Pasečņiks,,2,28,443,156,108,19,.521,.000,.586,15.8,5.6,3.9,0.7,0.4,.038,-6.2,-0.5,2017
26,26,POR,Caleb Swanigan,Purdue,3,75,655,169,218,56,.438,.118,.614,8.7,2.3,2.9,0.7,-0.2,-.015,-6.2,-0.7,2017
27,27,BRK,Kyle Kuzma,Utah,9,610,18661,10106,3726,1630,.453,.335,.721,30.6,16.6,6.1,2.7,16.3,.042,-1.6,1.8,2017
28,28,LAL,Tony Bradley,UNC,8,234,2557,1015,887,118,.618,.474,.684,10.9,4.3,3.8,0.5,8.9,.167,-0.5,1.0,2017
29,29,SAS,Derrick White,Colorado,9,571,16706,7666,2147,2479,.438,.360,.859,29.3,13.4,3.8,4.3,46.7,.134,2.4,18.4,2017
30,30,UTA,Josh Hart,Villanova,9,596,18123,6265,4192,2005,.475,.350,.750,30.4,10.5,7.0,3.4,42.8,.113,0.8,12.6,2017
,,,Round 2,Round 2,,Totals,Totals,Totals,Totals,Totals,Shooting,Shooting,Shooting,Per Game,Per Game,Per Game,Per Game,Advanced,Advanced,Advanced,Advanced,2017
Rk,Pk,Tm,Player,College,Yrs,G,MP,PTS,TRB,AST,FG%,3P%,FT%,MP,PTS,TRB,AST,WS,WS/48,BPM,VORP,2017
31,31,CHO,Frank Jackson,Duke,5,214,3873,1816,392,222,.421,.332,.786,18.1,8.5,1.8,1.0,2.5,.031,-3.9,-1.9,2017
32,32,PHO,Davon Reed,Miami (FL),4,122,1299,373,212,92,.408,.385,.667,10.6,3.1,1.7,0.8,1.5,.054,-2.9,-0.3,2017
33,33,ORL,Wes Iwundu,Kansas State,5,226,3827,989,555,208,.408,.292,.798,16.9,4.4,2.5,0.9,4.2,.053,-3.9,-1.8,2017
34,34,SAC,Frank Mason III,Kansas,4,103,1616,695,204,272,.396,.301,.755,15.7,6.7,2.0,2.6,1.2,.035,-2.7,-0.3,2017
35,35,ORL,Ivan Rabb,California,2,85,1237,485,364,86,.555,.200,.743,14.6,5.7,4.3,1.0,3.2,.125,-1.7,0.1,2017
36,36,PHI,Jonah Bolden,,2,51,686,217,174,40,.486,.340,.484,13.5,4.3,3.4,0.8,1.4,.098,-1.3,0.1,2017
37,37,BOS,Semi Ojeleye,SMU,5,284,4111,975,613,126,.384,.344,.717,14.5,3.4,2.2,0.4,5.2,.061,-3.4,-1.5,2017
38,38,CHI,Jordan Bell,Oregon,5,161,1937,593,497,201,.552,.200,.636,12.0,3.7,3.1,1.2,4.9,.121,0.2,1.1,2017
39,39,PHI,Jawun Evans,Oklahoma State,2,56,843,237,96,110,.345,.263,.776,15.1,4.2,1.7,2.0,-0.4,-.022,-5.4,-0.7,2017
40,40,NOP,Dwayne Bacon,Florida State,4,207,4012,1503,537,230,.402,.314,.780,19.4,7.3,2.6,1.1,0.8,.010,-5.1,-3.1,2017
41,41,ATL,Tyler Dorsey,Oregon,3,107,1680,710,245,135,.392,.351,.669,15.7,6.6,2.3,1.3,1.1,.031,-3.0,-0.5,2017
42,42,UTA,Thomas Bryant,Indiana,9,393,6642,3328,1907,359,.573,.348,.781,16.9,8.5,4.9,0.9,22.7,.164,0.9,4.9,2017
43,43,HOU,Isaiah Hartenstein,,8,426,8511,3016,2866,923,.596,.239,.675,20.0,7.1,6.7,2.2,33.3,.188,2.4,9.4,2017
44,44,NYK,Damyean Dotson,Oregon,5,213,4242,1594,532,315,.417,.345,.711,19.9,7.5,2.5,1.5,3.0,.034,-2.8,-0.9,2017
45,45,HOU,Dillon Brooks,Oregon,9,548,16205,8101,1797,1081,.421,.353,.810,29.6,14.8,3.3,2.0,16.8,.050,-3.3,-5.2,2017
46,46,PHI,Sterling Brown,SMU,6,268,4458,1431,891,268,.419,.363,.796,16.6,5.3,3.3,1.0,6.6,.071,-2.1,-0.1,2017
47,47,IND,Ike Anigbogu,UCLA,2,14,36,13,12,1,.333,,.833,2.6,0.9,0.9,0.1,0.0,.057,-1.1,0.0,2017
48,48,MIL,Sindarius Thornwell,South Carolina,4,160,1721,401,206,111,.407,.340,.672,10.8,2.5,1.3,0.7,1.1,.032,-3.1,-0.5,2017
49,49,DEN,Vlatko Čančar,,5,143,1527,485,251,123,.472,.354,.847,10.7,3.4,1.8,0.9,2.4,.076,-2.5,-0.2,2017
50,50,PHI,Mathias Lessort,,,,,,,,,,,,,,,,,,,2017
51,51,DEN,Monte Morris,Iowa State,9,426,9873,3998,996,1519,.473,.388,.824,23.2,9.4,2.3,3.6,24.7,.120,0.2,5.6,2017
52,52,NOP,Edmond Sumner,Xavier,5,161,2256,997,244,182,.470,.341,.811,14.0,6.2,1.5,1.1,3.2,.069,-3.0,-0.6,2017
53,53,BOS,Kadeem Allen,Arizona,3,47,640,258,71,109,.435,.349,.757,13.6,5.5,1.5,2.3,1.0,.075,-1.2,0.1,2017
54,54,PHO,Alec Peters,Valparaiso,1,20,225,82,37,12,.378,.310,.800,11.3,4.1,1.9,0.6,0.3,.055,-2.8,0.0,2017
55,55,UTA,Nigel Williams-Goss,Gonzaga,1,10,50,14,6,6,.313,.286,1.000,5.0,1.4,0.6,0.6,0.0,.017,-3.9,0.0,2017
56,56,BOS,Jabari Bird,California,1,13,115,39,19,8,.577,.429,.462,8.8,3.0,1.5,0.6,0.2,.098,-3.1,0.0,2017
57,57,BRK,Sasha Vezenkov,,1,42,511,225,96,19,.440,.375,.800,12.2,5.4,2.3,0.5,1.0,.098,-0.9,0.1,2017
58,58,NYK,Ognjen Jaramaz,,,,,,,,,,,,,,,,,,,2017
59,59,SAS,Jaron Blossomgame,Clemson,1,27,439,114,98,13,.443,.256,.769,16.3,4.2,3.6,0.5,0.3,.030,-3.8,-0.2,2017
60,60,ATL,Alpha Kaba,,,,,,,,,,,,,,,,,,,2017
1,1,PHO,Deandre Ayton,Arizona,8,470,14230,7439,4742,708,.599,.230,.741,30.3,15.8,10.1,1.5,43.8,.148,0.6,9.2,2018
2,2,SAC,Marvin Bagley III,Duke,8,349,7675,4106,2255,338,.531,.308,.685,22.0,11.8,6.5,1.0,16.3,.102,-1.2,1.5,2018
3,3,ATL,Luka Dončić,,8,514,18001,15021,4376,4230,.469,.352,.755,35.0,29.2,8.5,8.2,66.6,.178,7.8,44.8,2018
4,4,MEM,Jaren Jackson Jr.,Michigan State,8,455,13093,8449,2530,696,.467,.351,.793,28.8,18.6,5.6,1.5,30.2,.111,0.8,9.2,2018
5,5,DAL,Trae Young,Oklahoma,8,498,17006,12489,1717,4868,.433,.352,.872,34.1,25.1,3.4,9.8,44.7,.126,2.6,19.7,2018
6,6,ORL,Mo Bamba,Texas,8,368,6159,2471,2002,307,.477,.356,.682,16.7,6.7,5.4,0.8,15.7,.122,-0.1,3.0,2018
7,7,CHI,Wendell Carter Jr.,Duke,8,461,12735,5487,3750,919,.510,.316,.740,27.6,11.9,8.1,2.0,33.3,.126,-0.3,5.3,2018
8,8,CLE,Collin Sexton,Alabama,8,475,13771,8708,1299,1728,.472,.389,.841,29.0,18.3,2.7,3.6,19.7,.069,-1.1,3.0,2018
9,9,NYK,Kevin Knox,Kentucky,7,320,5606,2322,893,233,.393,.340,.723,17.5,7.3,2.8,0.7,0.9,.008,-4.4,-3.4,2018
10,10,PHI,Mikal Bridges,Villanova,8,638,21206,9385,2519,1821,.485,.371,.842,33.2,14.7,3.9,2.9,50.0,.113,0.9,15.8,2018
11,11,CHO,Shai Gilgeous-Alexander,Kentucky,8,530,17550,13411,2503,2810,.508,.360,.864,33.1,25.3,4.7,5.3,75.6,.207,6.3,36.9,2018
12,12,LAC,Miles Bridges,Michigan State,7,501,15457,7956,3077,1381,.461,.338,.825,30.9,15.9,6.1,2.8,27.8,.086,0.1,8.2,2018
13,13,LAC,Jerome Robinson,Boston College,4,135,1685,545,214,136,.361,.297,.711,12.5,4.0,1.6,1.0,-0.2,-.004,-4.8,-1.2,2018
14,14,DEN,Michael Porter Jr.,Missouri,7,397,11725,6856,2576,643,.493,.398,.812,29.5,17.3,6.5,1.6,29.4,.120,1.0,8.9,2018
15,15,WAS,Troy Brown Jr.,Oregon,6,356,6778,2196,1288,508,.423,.351,.783,19.0,6.2,3.6,1.4,8.6,.061,-1.8,0.4,2018
16,16,PHO,Zhaire Smith,Texas Tech,2,13,143,48,15,12,.378,.316,.667,11.0,3.7,1.2,0.9,0.0,.011,-6.1,-0.1,2018
17,17,MIL,Donte DiVincenzo,Villanova,8,498,13104,5469,2119,1512,.423,.380,.767,26.3,11.0,4.3,3.0,29.1,.107,1.0,10.1,2018
18,18,SAS,Lonnie Walker IV,Miami (FL),7,342,7025,3418,791,518,.422,.356,.795,20.5,10.0,2.3,1.5,4.9,.033,-2.5,-1.0,2018
19,19,ATL,Kevin Huerter,Maryland,8,551,15115,6294,1878,1592,.442,.368,.762,27.4,11.4,3.4,2.9,21.7,.069,-0.9,4.1,2018
20,20,MIN,Josh Okogie,Georgia Tech,8,494,9306,2994,1430,549,.409,.312,.736,18.8,6.1,2.9,1.1,14.2,.073,-1.7,0.6,2018
21,21,UTA,Grayson Allen,Duke,8,454,11694,5091,1371,1007,.443,.403,.857,25.8,11.2,3.0,2.2,26.4,.109,0.3,6.6,2018
22,22,CHI,Chandler Hutchison,Boise State,4,103,1790,558,376,79,.442,.309,.643,17.4,5.4,3.7,0.8,1.1,.030,-3.9,-0.9,2018
23,23,IND,Aaron Holiday,UCLA,8,505,8147,3209,767,960,.421,.384,.852,16.1,6.4,1.5,1.9,11.6,.068,-2.0,0.1,2018
24,24,POR,Anfernee Simons,,8,444,11792,6622,1108,1399,.432,.381,.881,26.6,14.9,2.5,3.2,15.7,.064,-1.0,2.9,2018
25,25,LAL,Moritz Wagner,Michigan,8,399,6478,3575,1551,466,.518,.323,.808,16.2,9.0,3.9,1.2,17.9,.132,0.1,3.4,2018
26,26,PHI,Landry Shamet,Wichita State,8,449,9560,3788,754,669,.416,.386,.815,21.3,8.4,1.7,1.5,15.7,.079,-1.8,0.4,2018
27,27,BOS,Robert Williams,Texas A&M,8,294,5762,2088,2018,385,.720,.333,.661,19.6,7.1,6.9,1.3,28.3,.236,4.6,9.6,2018
28,28,GSW,Jacob Evans,Cincinnati,2,59,622,168,66,54,.337,.315,.833,10.5,2.8,1.1,0.9,-0.6,-.047,-7.4,-0.8,2018
29,29,BRK,Džanan Musa,,2,49,526,211,91,45,.376,.227,.726,10.7,4.3,1.9,0.9,0.0,.003,-4.6,-0.4,2018
30,30,ATL,Omari Spellman,Villanova,2,95,1691,642,413,94,.417,.366,.766,17.8,6.8,4.3,1.0,2.4,.068,-1.5,0.2,2018
,,,Round 2,Round 2,,Totals,Totals,Totals,Totals,Totals,Shooting,Shooting,Shooting,Per Game,Per Game,Per Game,Per Game,Advanced,Advanced,Advanced,Advanced,2018
Rk,Pk,Tm,Player,College,Yrs,G,MP,PTS,TRB,AST,FG%,3P%,FT%,MP,PTS,TRB,AST,WS,WS/48,BPM,VORP,2018
31,31,PHO,Elie Okobo,,2,108,1677,523,188,242,.395,.315,.737,15.5,4.8,1.7,2.2,0.5,.014,-4.1,-0.9,2018
32,32,MEM,Jevon Carter,West Virginia,8,465,7146,2484,776,738,.395,.377,.797,15.4,5.3,1.7,1.6,9.4,.063,-1.4,1.0,2018
33,33,DAL,Jalen Brunson,Villanova,8,561,16830,10748,1796,2952,.485,.385,.826,30.0,19.2,3.2,5.3,54.2,.155,2.4,18.8,2018
34,34,ATL,Devonte' Graham,Kansas,6,336,8359,3733,758,1448,.371,.354,.812,24.9,11.1,2.3,4.3,12.7,.073,-0.5,3.2,2018
35,35,ORL,Melvin Frazier,Tulane,3,32,290,87,28,5,.340,.209,.533,9.1,2.7,0.9,0.2,-0.4,-.062,-10.0,-0.6,2018
36,36,NYK,Mitchell Robinson,,8,397,9297,2976,3164,264,.702,,.508,23.4,7.5,8.0,0.7,41.0,.212,2.3,10.1,2018
37,37,SAC,Gary Trent Jr.,Duke,8,480,13075,6227,1050,678,.420,.387,.819,27.2,13.0,2.2,1.4,19.0,.070,-1.6,1.4,2018
38,38,PHI,Khyri Thomas,Creighton,3,39,409,160,39,36,.388,.316,.750,10.5,4.1,1.0,0.9,0.5,.058,-2.7,-0.1,2018
39,39,PHI,Isaac Bonga,,4,143,1871,439,320,118,.432,.300,.759,13.1,3.1,2.2,0.8,1.7,.044,-3.6,-0.7,2018
40,40,BRK,Rodions Kurucs,,3,131,2103,780,406,113,.444,.329,.739,16.1,6.0,3.1,0.9,2.3,.052,-2.8,-0.4,2018
41,41,ORL,Jarred Vanderbilt,Kentucky,8,374,7303,2096,2218,520,.546,.290,.633,19.5,5.6,5.9,1.4,18.6,.122,-0.2,3.3,2018
42,42,DET,Bruce Brown,Miami (FL),8,539,13374,4694,2247,1291,.476,.344,.767,24.8,8.7,4.2,2.4,22.9,.082,-1.6,1.3,2018
43,43,DEN,Justin Jackson,Maryland,,,,,,,,,,,,,,,,,,2018
44,44,WAS,Issuf Sanon,,,,,,,,,,,,,,,,,,,2018
45,45,BRK,Hamidou Diallo,Kentucky,6,265,4918,2272,1009,283,.495,.274,.623,18.6,8.6,3.8,1.1,6.2,.060,-2.1,-0.1,2018
46,46,HOU,De'Anthony Melton,USC,8,405,9272,3833,1474,1113,.410,.358,.789,22.9,9.5,3.6,2.7,15.0,.078,0.2,5.2,2018
47,47,LAL,Svi Mykhailiuk,Kansas,8,381,6542,2638,713,555,.414,.368,.778,17.2,6.9,1.9,1.5,5.3,.039,-2.4,-0.6,2018
48,48,MIN,Keita Bates-Diop,Ohio State,6,283,4566,1697,848,241,.474,.333,.751,16.1,6.0,3.0,0.9,7.4,.078,-1.6,0.5,2018
49,49,SAS,Chimezie Metu,USC,6,260,3565,1522,908,197,.495,.298,.787,13.7,5.9,3.5,0.8,5.7,.076,-1.6,0.3,2018
50,50,IND,Alize Johnson,Missouri State,5,76,568,189,228,32,.481,.227,.711,7.5,2.5,3.0,0.4,1.3,.108,-2.4,-0.1,2018
51,51,NOP,Tony Carr,Penn State,,,,,,,,,,,,,,,,,,2018
52,52,UTA,Vince Edwards,Purdue,1,2,16,3,2,0,.250,.250,,8.0,1.5,1.0,0.0,0.0,-.014,-6.4,0.0,2018
53,53,OKC,Devon Hall,Virginia,1,11,81,20,7,13,.200,.235,.500,7.4,1.8,0.6,1.2,-0.2,-.116,-6.7,-0.1,2018
54,54,DAL,Shake Milton,SMU,7,359,6698,2899,783,856,.451,.358,.824,18.7,8.1,2.2,2.4,11.7,.084,-2.0,-0.1,2018
55,55,CHO,Arnoldas Kulboka,,1,2,5,0,0,0,.000,.000,,2.5,0.0,0.0,0.0,0.0,-.217,-21.8,0.0,2018
56,56,PHI,Ray Spalding,Louisville,2,16,167,58,52,5,.529,.000,.286,10.4,3.6,3.3,0.3,0.1,.024,-6.2,-0.2,2018
57,57,OKC,Kevin Hervey,UT Arlington,1,10,52,17,12,5,.259,.150,,5.2,1.7,1.2,0.5,-0.1,-.085,-5.1,0.0,2018
58,58,DEN,Thomas Welsh,UCLA,1,11,36,18,4,5,.538,.429,.500,3.3,1.6,0.4,0.5,0.1,.162,1.2,0.0,2018
59,59,PHO,George King,Colorado,2,5,25,1,6,0,.000,.000,.500,5.0,0.2,1.2,0.0,-0.1,-.225,-17.2,-0.1,2018
60,60,PHI,Kostas Antetokounmpo,Dayton,3,22,87,21,23,3,.375,,.474,4.0,1.0,1.0,0.1,-0.2,-.098,-9.9,-0.2,2018
1,1,NOP,Zion Williamson,Duke,6,276,8555,6581,1768,1119,.591,.324,.695,31.0,23.8,6.4,4.1,30.3,.170,4.5,14.1,2019
2,2,MEM,Ja Morant,Murray State,7,327,10370,7331,1513,2428,.466,.311,.773,31.7,22.4,4.6,7.4,24.3,.113,2.5,11.8,2019
3,3,NYK,RJ Barrett,Duke,7,444,14540,8391,2450,1465,.447,.345,.700,32.7,18.9,5.5,3.3,17.3,.057,-1.5,1.8,2019
4,4,LAL,De'Andre Hunter,Virginia,7,372,10996,5454,1521,587,.447,.364,.825,29.6,14.7,4.1,1.6,13.1,.057,-2.7,-2.0,2019
5,5,CLE,Darius Garland,Vanderbilt,7,427,14037,8049,1122,2859,.454,.389,.866,32.9,18.9,2.6,6.7,27.1,.093,0.2,7.9,2019
6,6,PHO,Jarrett Culver,Texas Tech,4,144,2480,934,402,173,.401,.276,.509,17.2,6.5,2.8,1.2,-0.1,-.001,-4.5,-1.6,2019
7,7,CHI,Coby White,UNC,7,472,13815,7273,1709,1818,.434,.369,.856,29.3,15.4,3.6,3.9,19.9,.069,-1.5,1.7,2019
8,8,ATL,Jaxson Hayes,Texas,7,433,7229,2991,1714,318,.665,.280,.689,16.7,6.9,4.0,0.7,25.1,.167,-0.1,3.5,2019
9,9,WAS,Rui Hachimura,Gonzaga,7,405,11272,5098,1864,496,.499,.394,.758,27.8,12.6,4.6,1.2,18.7,.080,-2.0,0.1,2019
10,10,ATL,Cam Reddish,Duke,6,254,5876,2151,678,297,.398,.322,.821,23.1,8.5,2.7,1.2,3.3,.027,-3.1,-1.7,2019
11,11,MIN,Cameron Johnson,UNC,7,394,10667,5055,1548,796,.457,.396,.849,27.1,12.8,3.9,2.0,26.6,.120,1.2,8.8,2019
12,12,CHO,P.J. Washington,Kentucky,7,446,13653,5914,2676,976,.448,.354,.705,30.6,13.3,6.0,2.2,16.5,.058,-1.3,2.6,2019
13,13,MIA,Tyler Herro,Kentucky,7,394,12796,7664,1960,1596,.450,.382,.878,32.5,19.5,5.0,4.1,22.3,.084,0.8,9.0,2019
14,14,BOS,Romeo Langford,Indiana,4,141,2268,650,298,97,.430,.288,.659,16.1,4.6,2.1,0.7,2.0,.043,-3.4,-0.8,2019
15,15,DET,Sekou Doumbouya,,3,96,1639,542,267,66,.388,.256,.693,17.1,5.6,2.8,0.7,-0.4,-.013,-6.5,-1.8,2019
16,16,ORL,Chuma Okeke,Auburn,5,198,4028,1242,751,291,.387,.321,.787,20.3,6.3,3.8,1.5,5.0,.060,-1.1,1.0,2019
17,17,BRK,Nickeil Alexander-Walker,Virginia Tech,7,459,10545,4882,1216,1168,.427,.372,.807,23.0,10.6,2.6,2.5,16.5,.075,-0.6,3.7,2019
18,18,IND,Goga Bitadze,,7,383,5577,2107,1639,454,.561,.229,.671,14.6,5.5,4.3,1.2,19.3,.166,1.1,4.4,2019
19,19,SAS,Luka Šamanić,,4,86,921,384,210,55,.411,.247,.706,10.7,4.5,2.4,0.6,0.0,.001,-5.6,-0.8,2019
20,20,BOS,Matisse Thybulle,Washington,7,377,7749,1872,769,415,.438,.349,.683,20.6,5.0,2.0,1.1,15.4,.095,1.1,6.1,2019
21,21,OKC,Brandon Clarke,Gonzaga,7,309,6412,3144,1689,410,.605,.266,.697,20.8,10.2,5.5,1.3,24.6,.184,2.4,7.1,2019
22,22,BOS,Grant Williams,Tennessee,7,416,9421,2976,1535,608,.450,.378,.778,22.6,7.2,3.7,1.5,17.4,.089,-1.6,1.0,2019
23,23,UTA,Darius Bazley,,5,237,5536,2113,1244,282,.414,.309,.677,23.4,8.9,5.2,1.2,3.1,.027,-2.4,-0.6,2019
24,24,PHI,Ty Jerome,Virginia,7,244,4480,2281,509,733,.460,.386,.854,18.4,9.3,2.1,3.0,11.2,.120,0.9,3.3,2019
25,25,POR,Nassir Little,UNC,5,237,3735,1313,688,170,.452,.330,.735,15.8,5.5,2.9,0.7,4.7,.061,-2.6,-0.5,2019
26,26,CLE,Dylan Windler,Belmont,4,101,1090,319,212,78,.425,.347,.800,10.8,3.2,2.1,0.8,1.6,.072,-1.4,0.2,2019
27,27,BRK,Mfiondu Kabengele,Florida State,3,55,380,143,81,19,.383,.301,.852,6.9,2.6,1.5,0.3,0.4,.055,-3.6,-0.2,2019
28,28,GSW,Jordan Poole,Michigan,7,451,12283,7466,1187,1671,.418,.344,.877,27.2,16.6,2.6,3.7,11.4,.045,-1.9,0.4,2019
29,29,SAS,Keldon Johnson,Kentucky,7,452,12511,6842,2432,908,.475,.353,.767,27.7,15.1,5.4,2.0,23.2,.089,-1.0,3.2,2019
30,30,MIL,Kevin Porter Jr.,USC,6,309,8671,4440,1318,1523,.439,.348,.757,28.1,14.4,4.3,4.9,9.0,.050,-0.9,2.5,2019
,,,Round 2,Round 2,,Totals,Totals,Totals,Totals,Totals,Shooting,Shooting,Shooting,Per Game,Per Game,Per Game,Per Game,Advanced,Advanced,Advanced,Advanced,2019
Rk,Pk,Tm,Player,College,Yrs,G,MP,PTS,TRB,AST,FG%,3P%,FT%,MP,PTS,TRB,AST,WS,WS/48,BPM,VORP,2019
31,31,BRK,Nic Claxton,Georgia,7,380,9944,4024,2875,788,.622,.186,.555,26.2,10.6,7.6,2.1,30.9,.149,1.3,8.2,2019
32,32,PHO,KZ Okpala,Stanford,4,98,965,222,148,47,.409,.286,.667,9.8,2.3,1.5,0.5,1.0,.050,-4.7,-0.7,2019
33,33,PHI,Carsen Edwards,Purdue,3,72,706,267,79,52,.364,.297,.758,9.8,3.7,1.1,0.7,0.3,.019,-5.1,-0.5,2019
34,34,PHI,Bruno Fernando,Maryland,6,220,2326,872,712,161,.543,.122,.653,10.6,4.0,3.2,0.7,3.8,.079,-3.0,-0.6,2019
35,35,ATL,Didi Louzada,,2,12,185,43,20,8,.326,.355,1.000,15.4,3.6,1.7,0.7,-0.1,-.034,-8.1,-0.3,2019
36,36,CHO,Cody Martin,Nevada,7,263,5733,1600,975,582,.434,.305,.658,21.8,6.1,3.7,2.2,7.1,.059,-1.8,0.3,2019
37,37,DAL,Deividas Sirvydis,,2,23,160,44,35,6,.300,.314,.500,7.0,1.9,1.5,0.3,-0.1,-.032,-5.9,-0.2,2019
38,38,CHI,Daniel Gafford,Arkansas,7,433,8684,4021,2505,455,.702,.000,.674,20.1,9.3,5.8,1.1,35.2,.195,1.7,8.2,2019
39,39,NOP,Alen Smailagić,,2,29,223,87,43,17,.463,.304,.720,7.7,3.0,1.5,0.6,0.3,.056,-3.3,-0.1,2019
40,40,SAC,Justin James,Wyoming,2,72,542,228,62,40,.446,.343,.544,7.5,3.2,0.9,0.6,0.3,.024,-3.1,-0.2,2019
41,41,GSW,Eric Paschall,Villanova,3,158,3086,1552,509,214,.494,.326,.758,19.5,9.8,3.2,1.4,5.0,.078,-2.2,-0.1,2019
42,42,PHI,Admiral Schofield,Tennessee,4,131,1372,426,215,78,.417,.326,.782,10.5,3.3,1.6,0.6,1.2,.043,-4.6,-0.9,2019
43,43,MIN,Jaylen Nowell,Washington,6,205,3519,1815,445,380,.442,.316,.792,17.2,8.9,2.2,1.9,4.7,.064,-2.1,-0.1,2019
44,44,MIA,Bol Bol,Oregon,6,202,2750,1243,709,126,.545,.332,.749,13.6,6.2,3.5,0.6,5.0,.088,-0.4,1.1,2019
45,45,DET,Isaiah Roby,Nebraska,4,151,2858,1159,667,216,.485,.351,.675,18.9,7.7,4.4,1.4,4.0,.068,-2.3,-0.2,2019
46,46,ORL,Talen Horton-Tucker,Iowa State,6,305,5942,2809,800,852,.427,.299,.771,19.5,9.2,2.6,2.8,6.0,.049,-2.0,0.0,2019
47,47,SAC,Ignas Brazdeikis,Michigan,3,64,838,318,122,58,.416,.315,.686,13.1,5.0,1.9,0.9,0.4,.024,-4.9,-0.6,2019
48,48,LAC,Terance Mann,Florida State,7,475,10630,3786,1651,980,.496,.371,.782,22.4,8.0,3.5,2.1,23.3,.105,-1.2,2.2,2019
49,49,SAS,Quinndary Weatherspoon,Mississippi State,3,42,272,88,32,24,.452,.188,.826,6.5,2.1,0.8,0.6,0.2,.030,-5.5,-0.2,2019
50,50,IND,Jarrell Brantley,College of Charleston,3,41,273,110,53,29,.457,.380,.833,6.7,2.7,1.3,0.7,0.6,.108,0.0,0.1,2019
51,51,BOS,Tremont Waters,LSU,3,40,407,149,37,85,.354,.296,.960,10.2,3.7,0.9,2.1,0.1,.012,-3.0,-0.1,2019
52,52,CHO,Jalen McDaniels,San Diego State,6,252,4550,1699,829,292,.449,.322,.777,18.1,6.7,3.3,1.2,5.3,.056,-3.3,-1.5,2019
53,53,UTA,Justin Wright-Foreman,Hofstra,1,4,45,19,5,7,.350,.200,.750,11.3,4.8,1.3,1.8,0.0,-.008,-9.0,-0.1,2019
54,54,PHI,Marial Shayok,Iowa State,1,4,28,11,7,1,.250,.333,.750,7.0,2.8,1.8,0.3,-0.1,-.130,-13.0,-0.1,2019
55,55,NYK,Kyle Guy,Virginia,3,53,431,165,53,50,.361,.303,.750,8.1,3.1,1.0,0.9,0.1,.006,-4.9,-0.3,2019
56,56,LAC,Jaylen Hands,UCLA,,,,,,,,,,,,,,,,,,2019
57,57,NOP,Jordan Bone,Tennessee,2,24,249,68,28,26,.378,.286,,10.4,2.8,1.2,1.1,0.1,.010,-5.9,-0.2,2019
58,58,GSW,Miye Oni,Yale,3,80,672,145,108,37,.350,.330,.750,8.4,1.8,1.4,0.5,1.0,.070,-2.5,-0.1,2019
59,59,TOR,Dewan Hernandez,Miami (FL),1,6,28,14,14,3,.357,.500,.600,4.7,2.3,2.3,0.5,0.0,.043,-9.6,-0.1,2019
60,60,SAC,Vanja Marinković,,,,,,,,,,,,,,,,,,,2019
1,1,MIN,Anthony Edwards,Georgia,6,442,15400,10854,2319,1826,.453,.369,.802,34.8,24.6,5.2,4.1,31.4,.098,2.1,15.8,2020
2,2,GSW,James Wiseman,Memphis,5,152,2857,1363,838,113,.560,.262,.682,18.8,9.0,5.5,0.7,4.3,.072,-4.0,-1.5,2020
3,3,CHO,LaMelo Ball,,6,303,9392,6304,1726,2224,.418,.365,.847,31.0,20.8,5.7,7.3,19.8,.101,3.3,12.5,2020
4,4,CHI,Patrick Williams,Florida State,6,348,8952,3141,1341,509,.438,.381,.762,25.7,9.0,3.9,1.5,8.3,.044,-2.6,-1.4,2020
5,5,CLE,Isaac Okoro,Auburn,6,397,10441,3292,1103,636,.465,.347,.741,26.3,8.3,2.8,1.6,18.2,.084,-2.3,-0.8,2020
6,6,ATL,Onyeka Okongwu,USC,6,381,9208,4083,2620,625,.573,.356,.756,24.2,10.7,6.9,1.6,30.9,.161,0.6,6.0,2020
7,7,DET,Killian Hayes,,6,239,6047,1885,691,1202,.377,.280,.792,25.3,7.9,2.9,5.0,-0.4,-.004,-4.0,-3.0,2020
8,8,NYK,Obi Toppin,Dayton,6,386,6662,3353,1337,483,.521,.355,.786,17.3,8.7,3.5,1.3,17.7,.128,1.2,5.4,2020
9,9,WAS,Deni Avdija,,6,425,11878,5643,2690,1450,.462,.333,.771,27.9,13.3,6.3,3.4,21.7,.088,0.0,6.0,2020
10,10,PHO,Jalen Smith,Maryland,6,324,5463,2831,1787,287,.501,.342,.752,16.9,8.7,5.5,0.9,14.6,.128,-0.3,2.4,2020
11,11,SAS,Devin Vassell,Florida State,6,370,10446,5212,1413,955,.443,.372,.807,28.2,14.1,3.8,2.6,16.8,.077,-0.3,4.4,2020
12,12,SAC,Tyrese Haliburton,Iowa State,5,333,10998,5842,1218,2947,.477,.392,.855,33.0,17.5,3.7,8.8,37.6,.164,4.8,18.9,2020
13,13,NOP,Kira Lewis Jr.,Alabama,4,131,1745,687,169,233,.397,.294,.848,13.3,5.2,1.3,1.8,1.3,.036,-3.5,-0.6,2020
14,14,BOS,Aaron Nesmith,Vanderbilt,6,333,7511,3191,1133,391,.453,.383,.828,22.6,9.6,3.4,1.2,11.2,.072,-2.1,-0.2,2020
15,15,ORL,Cole Anthony,UNC,6,355,8462,4249,1459,1344,.419,.343,.841,23.8,12.0,4.1,3.8,10.5,.060,-0.8,2.5,2020
16,16,POR,Isaiah Stewart,Washington,6,365,8859,3212,2467,473,.514,.343,.737,24.3,8.8,6.8,1.3,19.5,.106,-1.5,1.2,2020
17,17,MIN,Aleksej Pokusevski,,4,168,3429,1253,778,327,.391,.304,.702,20.4,7.5,4.6,1.9,-0.2,-.002,-3.1,-1.0,2020
18,18,DAL,Josh Green,Arizona,6,349,7323,2190,879,495,.480,.387,.705,21.0,6.3,2.5,1.4,11.1,.073,-2.6,-1.2,2020
19,19,BRK,Saddiq Bey,Villanova,5,364,11050,5374,1932,720,.418,.355,.842,30.4,14.8,5.3,2.0,20.0,.087,-0.5,4.3,2020
20,20,MIA,Precious Achiuwa,Memphis,6,393,8141,3156,2305,414,.494,.299,.596,20.7,8.0,5.9,1.1,14.8,.087,-2.1,-0.3,2020
21,21,PHI,Tyrese Maxey,Kentucky,6,388,12848,8182,1242,1864,.461,.377,.873,33.1,21.1,3.2,4.8,35.1,.131,2.2,13.5,2020
22,22,DEN,Zeke Nnaji,Arizona,6,303,3633,1243,702,129,.503,.345,.671,12.0,4.1,2.3,0.4,7.5,.100,-2.8,-0.7,2020
23,23,NYK,Leandro Bolmaro,,2,49,309,56,50,28,.270,.227,.846,6.3,1.1,1.0,0.6,-0.3,-.048,-7.8,-0.5,2020
24,24,MIL,R.J. Hampton,,4,170,3116,1155,466,307,.408,.338,.679,18.3,6.8,2.7,1.8,0.8,.013,-3.8,-1.4,2020
25,25,OKC,Immanuel Quickley,Kentucky,6,394,10523,5692,1379,1618,.426,.375,.852,26.7,14.4,3.5,4.1,27.9,.127,1.5,9.2,2020
26,26,BOS,Payton Pritchard,Oregon,6,426,9564,4498,1264,1291,.457,.394,.869,22.5,10.6,3.0,3.0,29.4,.148,1.5,8.5,2020
27,27,UTA,Udoka Azubuike,Kansas,4,84,724,256,235,14,.758,,.444,8.6,3.0,2.8,0.2,2.0,.133,-1.5,0.1,2020
28,28,LAL,Jaden McDaniels,Washington,6,439,12765,4868,1836,761,.489,.359,.774,29.1,11.1,4.2,1.7,23.1,.087,-1.5,1.5,2020
29,29,TOR,Malachi Flynn,San Diego State,5,217,3076,1184,376,414,.387,.333,.747,14.2,5.5,1.7,1.9,2.9,.045,-2.6,-0.5,2020
30,30,BOS,Desmond Bane,TCU,6,395,12030,7227,1776,1517,.475,.407,.890,30.5,18.3,4.5,3.8,33.0,.132,2.2,12.7,2020
,,,Round 2,Round 2,,Totals,Totals,Totals,Totals,Totals,Shooting,Shooting,Shooting,Per Game,Per Game,Per Game,Per Game,Advanced,Advanced,Advanced,Advanced,2020
Rk,Pk,Tm,Player,College,Yrs,G,MP,PTS,TRB,AST,FG%,3P%,FT%,MP,PTS,TRB,AST,WS,WS/48,BPM,VORP,2020
31,31,DAL,Tyrell Terry,Stanford,2,13,59,13,6,6,.353,.000,.333,4.5,1.0,0.5,0.5,0.0,-.035,-4.8,0.0,2020
32,32,CHO,Vernon Carey Jr.,Duke,3,37,187,72,50,5,.474,.143,.654,5.1,1.9,1.4,0.1,0.2,.058,-6.3,-0.2,2020
33,33,MIN,Daniel Oturu,Minnesota,2,33,188,63,53,10,.431,.167,.706,5.7,1.9,1.6,0.3,0.3,.086,-5.2,-0.2,2020
34,34,PHI,Théo Maledon,,4,177,3753,1373,489,518,.372,.310,.793,21.2,7.8,2.8,2.9,-0.2,-.002,-4.6,-2.4,2020
35,35,SAC,Xavier Tillman Sr.,Michigan State,6,290,4354,1433,1021,330,.506,.246,.572,15.0,4.9,3.5,1.1,10.3,.114,-0.2,2.0,2020
36,36,PHI,Tyler Bey,Colorado,1,18,71,18,19,3,.318,.250,.600,3.9,1.0,1.1,0.2,0.0,-.033,-9.5,-0.1,2020
37,37,WAS,Vít Krejčí,,5,203,3941,1320,483,371,.458,.393,.754,19.4,6.5,2.4,1.8,6.9,.084,-2.0,0.1,2020
38,38,UTA,Saben Lee,Vanderbilt,4,134,1943,697,260,378,.421,.271,.734,14.5,5.2,1.9,2.8,3.5,.085,-1.4,0.3,2020
39,39,NOP,Elijah Hughes,Syracuse,2,54,498,157,67,28,.328,.280,.769,9.2,2.9,1.2,0.5,-0.4,-.039,-6.4,-0.5,2020
40,40,MEM,Robert Woodard II,Mississippi State,2,25,87,27,27,5,.278,.200,.500,3.5,1.1,1.1,0.2,-0.1,-.077,-7.7,-0.1,2020
41,41,SAS,Tre Jones,Duke,6,362,8196,3397,1030,1740,.503,.312,.840,22.6,9.4,2.8,4.8,20.3,.119,-0.1,4.0,2020
42,42,NOP,Nick Richards,Kentucky,6,305,5363,2154,1761,172,.621,.261,.724,17.6,7.1,5.8,0.6,13.9,.124,-2.9,-1.2,2020
43,43,SAC,Jahmi'us Ramsey,Texas Tech,3,39,349,147,45,21,.416,.271,.680,8.9,3.8,1.2,0.5,-0.1,-.008,-5.4,-0.3,2020
44,44,CHI,Marko Simonovic,,2,16,55,23,12,0,.273,.222,.692,3.4,1.4,0.8,0.0,0.0,-.026,-12.3,-0.1,2020
45,45,MIL,Jordan Nwora,Louisville,4,206,3359,1564,659,216,.433,.376,.807,16.3,7.6,3.2,1.0,3.0,.043,-2.8,-0.7,2020
46,46,POR,CJ Elleby,Washington State,2,88,1366,407,259,97,.390,.275,.717,15.5,4.6,2.9,1.1,0.5,.018,-5.2,-1.1,2020
47,47,BOS,Yam Madar,,,,,,,,,,,,,,,,,,,2020
48,48,GSW,Nico Mannion,Arizona,1,30,364,123,46,70,.342,.367,.821,12.1,4.1,1.5,2.3,0.2,.029,-3.9,-0.2,2020
49,49,PHI,Isaiah Joe,Arkansas,6,392,6943,3219,824,455,.436,.406,.855,17.7,8.2,2.1,1.2,19.0,.131,0.6,4.6,2020
50,50,ATL,Skylar Mays,LSU,4,105,1111,451,122,182,.445,.345,.859,10.6,4.3,1.2,1.7,2.1,.092,-0.7,0.4,2020
51,51,GSW,Justinian Jessup,Boise State,,,,,,,,,,,,,,,,,,2020
52,52,SAC,KJ Martin,,5,309,6674,2652,1247,371,.545,.329,.673,21.6,8.6,4.0,1.2,12.4,.089,-1.8,0.4,2020
53,53,OKC,Cassius Winston,Michigan State,2,29,137,55,10,19,.409,.435,.900,4.7,1.9,0.3,0.7,0.1,.051,-4.9,-0.1,2020
54,54,IND,Cassius Stanley,Duke,2,33,248,88,39,5,.360,.233,.895,7.5,2.7,1.2,0.2,0.0,-.006,-7.9,-0.4,2020
55,55,BRK,Jay Scrubb,John A. Logan College,3,24,235,97,36,10,.416,.313,.765,9.8,4.0,1.5,0.4,-0.1,-.014,-6.6,-0.3,2020
56,56,CHO,Grant Riller,College of Charleston,1,7,27,18,1,3,.667,.500,,3.9,2.6,0.1,0.4,0.1,.177,5.1,0.0,2020
57,57,LAC,Reggie Perry,Mississippi State,2,36,398,170,120,26,.459,.189,.679,11.1,4.7,3.3,0.7,0.4,.048,-5.5,-0.3,2020
58,58,PHI,Paul Reed,DePaul,6,325,4163,1779,1320,288,.565,.310,.690,12.8,5.5,4.1,0.9,15.9,.184,1.7,3.9,2020
59,59,TOR,Jalen Harris,Nevada,1,13,172,96,18,17,.500,.472,.778,13.2,7.4,1.4,1.3,0.3,.079,0.3,0.1,2020
60,60,NOP,Sam Merrill,Utah State University,6,225,4197,1796,456,371,.424,.397,.890,18.7,8.0,2.0,1.6,10.5,.120,0.1,2.3,2020
